region,date,metrics,type,value
HJH,1979_5,SF,GWRMP,5550.9428
HJH,1979_6,SF,GWRMP,5591.1417
HJH,1979_7,SF,GWRMP,5604.5058
HJH,1979_8,SF,GWRMP,5598.9339
HJH,1979_9,SF,GWRMP,5570.5032
HJH,1980_5,SF,GWRMP,5569.0569
HJH,1980_6,SF,GWRMP,5603.4834
HJH,1980_7,SF,GWRMP,5641.8354
HJH,1980_8,SF,GWRMP,5685.9012
HJH,1980_9,SF,GWRMP,5556.9272
HJH,1981_5,SF,GWRMP,5573.4628
HJH,1981_6,SF,GWRMP,5566.9123
HJH,1981_7,SF,GWRMP,5609.4377
HJH,1981_8,SF,GWRMP,5612.0565
HJH,1981_9,SF,GWRMP,5560.5924
HJH,1982_5,SF,GWRMP,5557.4659
HJH,1982_6,SF,GWRMP,5594.187
HJH,1982_7,SF,GWRMP,5669.4052
HJH,1982_8,SF,GWRMP,5591.8755
HJH,1982_9,SF,GWRMP,5548.1182
HJH,1983_5,SF,GWRMP,5630.2343
HJH,1983_6,SF,GWRMP,5711.2436
HJH,1983_7,SF,GWRMP,5623.1902
HJH,1983_8,SF,GWRMP,5551.1718
HJH,1983_9,SF,GWRMP,5657.7454
HJH,1984_5,SF,GWRMP,5585.0532
HJH,1984_6,SF,GWRMP,5723.4612
HJH,1984_7,SF,GWRMP,5574.6694
HJH,1984_8,SF,GWRMP,5590.67
HJH,1984_9,SF,GWRMP,5566.7496
HJH,1985_5,SF,GWRMP,5581.1303
HJH,1985_6,SF,GWRMP,5583.7491
HJH,1985_7,SF,GWRMP,5654.3317
HJH,1985_8,SF,GWRMP,5575.9854
HJH,1985_9,SF,GWRMP,5598.3593
HJH,1986_5,SF,GWRMP,5560.598
HJH,1986_6,SF,GWRMP,5626.9237
HJH,1986_7,SF,GWRMP,5591.5315
HJH,1986_8,SF,GWRMP,5564.2356
HJH,1986_9,SF,GWRMP,5628.0528
HJH,1987_5,SF,GWRMP,5580.9711
HJH,1987_6,SF,GWRMP,5595.3862
HJH,1987_7,SF,GWRMP,5694.8825
HJH,1987_8,SF,GWRMP,5603.9652
HJH,1987_9,SF,GWRMP,5611.247
HJH,1988_5,SF,GWRMP,5590.601
HJH,1988_6,SF,GWRMP,5615.6712
HJH,1988_7,SF,GWRMP,5582.0289
HJH,1988_8,SF,GWRMP,5621.0461
HJH,1988_9,SF,GWRMP,5586.3956
HJH,1989_5,SF,GWRMP,5593.735
HJH,1989_6,SF,GWRMP,5592.3509
HJH,1989_7,SF,GWRMP,5661.058
HJH,1989_8,SF,GWRMP,5627.684
HJH,1989_9,SF,GWRMP,5642.4305
HJH,1990_5,SF,GWRMP,5583.6083
HJH,1990_6,SF,GWRMP,5598.0518
HJH,1990_7,SF,GWRMP,5542.9631
HJH,1990_8,SF,GWRMP,5660.2761
HJH,1990_9,SF,GWRMP,5621.0996
HJH,1991_5,SF,GWRMP,5604.9874
HJH,1991_6,SF,GWRMP,5672.6143
HJH,1991_7,SF,GWRMP,5646.0288
HJH,1991_8,SF,GWRMP,5580.8579
HJH,1991_9,SF,GWRMP,5602.4306
HJH,1992_5,SF,GWRMP,5578.5068
HJH,1992_6,SF,GWRMP,5617.7734
HJH,1992_7,SF,GWRMP,5562.0746
HJH,1992_8,SF,GWRMP,5636.1427
HJH,1992_9,SF,GWRMP,5618.356
HJH,1993_5,SF,GWRMP,5615.8781
HJH,1993_6,SF,GWRMP,5639.9849
HJH,1993_7,SF,GWRMP,5687.9133
HJH,1993_8,SF,GWRMP,5672.2651
HJH,1993_9,SF,GWRMP,5611.0749
HJH,1994_5,SF,GWRMP,5553.5445
HJH,1994_6,SF,GWRMP,5722.1616
HJH,1994_7,SF,GWRMP,5529.4295
HJH,1994_8,SF,GWRMP,5596.3703
HJH,1994_9,SF,GWRMP,5537.3551
HJH,1995_5,SF,GWRMP,5614.1798
HJH,1995_6,SF,GWRMP,5678.8752
HJH,1995_7,SF,GWRMP,5650.5539
HJH,1995_8,SF,GWRMP,5592.1855
HJH,1995_9,SF,GWRMP,5520.9626
HJH,1996_5,SF,GWRMP,5529.9439
HJH,1996_6,SF,GWRMP,5727.7655
HJH,1996_7,SF,GWRMP,5655.4609
HJH,1996_8,SF,GWRMP,5588.9414
HJH,1996_9,SF,GWRMP,5525.0174
HJH,1997_5,SF,GWRMP,5563.6637
HJH,1997_6,SF,GWRMP,5582.6242
HJH,1997_7,SF,GWRMP,5702.7387
HJH,1997_8,SF,GWRMP,5692.5174
HJH,1997_9,SF,GWRMP,5537.1777
HJH,1998_5,SF,GWRMP,5588.2336
HJH,1998_6,SF,GWRMP,5619.3644
HJH,1998_7,SF,GWRMP,5639.131
HJH,1998_8,SF,GWRMP,5584.0654
HJH,1998_9,SF,GWRMP,5600.2233
HJH,1999_5,SF,GWRMP,5580.1531
HJH,1999_6,SF,GWRMP,5875.1642
HJH,1999_7,SF,GWRMP,5583.0577
HJH,1999_8,SF,GWRMP,5706.5062
HJH,1999_9,SF,GWRMP,5549.2352
HJH,2000_5,SF,GWRMP,5586.0244
HJH,2000_6,SF,GWRMP,5619.9825
HJH,2000_7,SF,GWRMP,5554.923
HJH,2000_8,SF,GWRMP,5590.4061
HJH,2000_9,SF,GWRMP,5543.6351
HJH,2001_5,SF,GWRMP,5555.6875
HJH,2001_6,SF,GWRMP,5742.5396
HJH,2001_7,SF,GWRMP,5580.2964
HJH,2001_8,SF,GWRMP,5674.8488
HJH,2001_9,SF,GWRMP,5534.6175
HJH,2002_5,SF,GWRMP,5614.7999
HJH,2002_6,SF,GWRMP,5606.6794
HJH,2002_7,SF,GWRMP,5608.3818
HJH,2002_8,SF,GWRMP,5635.1177
HJH,2002_9,SF,GWRMP,5541.7487
HJH,2003_5,SF,GWRMP,5552.5195
HJH,2003_6,SF,GWRMP,5565.6425
HJH,2003_7,SF,GWRMP,5565.9569
HJH,2003_8,SF,GWRMP,5568.0123
HJH,2003_9,SF,GWRMP,5536.7872
HJH,2004_5,SF,GWRMP,5609.2391
HJH,2004_6,SF,GWRMP,5583.7553
HJH,2004_7,SF,GWRMP,5553.9009
HJH,2004_8,SF,GWRMP,5558.1785
HJH,2004_9,SF,GWRMP,5576.8814
HJH,2005_5,SF,GWRMP,5567.4554
HJH,2005_6,SF,GWRMP,5534.2529
HJH,2005_7,SF,GWRMP,5645.0912
HJH,2005_8,SF,GWRMP,5606.3748
HJH,2005_9,SF,GWRMP,5560.0441
HJH,2006_5,SF,GWRMP,5613.7082
HJH,2006_6,SF,GWRMP,5588.3329
HJH,2006_7,SF,GWRMP,5609.3077
HJH,2006_8,SF,GWRMP,5538.7958
HJH,2006_9,SF,GWRMP,5571.3166
HJH,2007_5,SF,GWRMP,5544.0551
HJH,2007_6,SF,GWRMP,5599.0686
HJH,2007_7,SF,GWRMP,5594.1433
HJH,2007_8,SF,GWRMP,5572.209
HJH,2007_9,SF,GWRMP,5624.8685
HJH,2008_5,SF,GWRMP,5593.4921
HJH,2008_6,SF,GWRMP,5727.8631
HJH,2008_7,SF,GWRMP,5587.1859
HJH,2008_8,SF,GWRMP,5607.2666
HJH,2008_9,SF,GWRMP,5581.672
HJH,2009_5,SF,GWRMP,5543.9461
HJH,2009_6,SF,GWRMP,5607.269
HJH,2009_7,SF,GWRMP,5641.6027
HJH,2009_8,SF,GWRMP,5634.8892
HJH,2009_9,SF,GWRMP,5568.217
HJH,2010_5,SF,GWRMP,5556.2585
HJH,2010_6,SF,GWRMP,5589.0177
HJH,2010_7,SF,GWRMP,5662.6778
HJH,2010_8,SF,GWRMP,5589.9106
HJH,2010_9,SF,GWRMP,5610.1905
HJH,2011_5,SF,GWRMP,5539.2785
HJH,2011_6,SF,GWRMP,5766.698
HJH,2011_7,SF,GWRMP,5586.9963
HJH,2011_8,SF,GWRMP,5664.7068
HJH,2011_9,SF,GWRMP,5543.9579
HJH,2012_5,SF,GWRMP,5614.2288
HJH,2012_6,SF,GWRMP,5670.1932
HJH,2012_7,SF,GWRMP,5581.9128
HJH,2012_8,SF,GWRMP,5655.6425
HJH,2012_9,SF,GWRMP,5574.5023
HJH,2013_5,SF,GWRMP,5581.9469
HJH,2013_6,SF,GWRMP,5673.2834
HJH,2013_7,SF,GWRMP,5537.5111
HJH,2013_8,SF,GWRMP,5588.7538
HJH,2013_9,SF,GWRMP,5551.0841
HJH,2014_5,SF,GWRMP,5578.2594
HJH,2014_6,SF,GWRMP,5622.2315
HJH,2014_7,SF,GWRMP,5640.5506
HJH,2014_8,SF,GWRMP,5653.1493
HJH,2014_9,SF,GWRMP,5589.4308
HJH,2015_5,SF,GWRMP,5580.1372
HJH,2015_6,SF,GWRMP,5694.7417
HJH,2015_7,SF,GWRMP,5640.9965
HJH,2015_8,SF,GWRMP,5634.5715
HJH,2015_9,SF,GWRMP,5598.2445
HJH,2016_5,SF,GWRMP,5668.5943
HJH,2016_6,SF,GWRMP,5715.3676
HJH,2016_7,SF,GWRMP,5593.7906
HJH,2016_8,SF,GWRMP,5567.4382
HJH,2016_9,SF,GWRMP,5661.346
HQ,1979_5,SF,GWRMP,6016.1691
HQ,1979_6,SF,GWRMP,6055.2161
HQ,1979_7,SF,GWRMP,6056.8007
HQ,1979_8,SF,GWRMP,6044.6933
HQ,1979_9,SF,GWRMP,6061.295
HQ,1980_5,SF,GWRMP,6026.6358
HQ,1980_6,SF,GWRMP,6090.65
HQ,1980_7,SF,GWRMP,6128.9644
HQ,1980_8,SF,GWRMP,6192.4126
HQ,1980_9,SF,GWRMP,6055.3412
HQ,1981_5,SF,GWRMP,6030.6044
HQ,1981_6,SF,GWRMP,6087.7429
HQ,1981_7,SF,GWRMP,6070.3064
HQ,1981_8,SF,GWRMP,6048.6616
HQ,1981_9,SF,GWRMP,6014.6134
HQ,1982_5,SF,GWRMP,6010.9026
HQ,1982_6,SF,GWRMP,6056.8517
HQ,1982_7,SF,GWRMP,6155.3336
HQ,1982_8,SF,GWRMP,6044.2292
HQ,1982_9,SF,GWRMP,5999.748
HQ,1983_5,SF,GWRMP,6081.2537
HQ,1983_6,SF,GWRMP,6161.6943
HQ,1983_7,SF,GWRMP,6067.6072
HQ,1983_8,SF,GWRMP,6004.9391
HQ,1983_9,SF,GWRMP,6125.8175
HQ,1984_5,SF,GWRMP,6055.8867
HQ,1984_6,SF,GWRMP,6170.9354
HQ,1984_7,SF,GWRMP,6045.9395
HQ,1984_8,SF,GWRMP,6070.0793
HQ,1984_9,SF,GWRMP,6075.3852
HQ,1985_5,SF,GWRMP,6075.1261
HQ,1985_6,SF,GWRMP,6066.4025
HQ,1985_7,SF,GWRMP,6111.0668
HQ,1985_8,SF,GWRMP,6043.8574
HQ,1985_9,SF,GWRMP,6066.4303
HQ,1986_5,SF,GWRMP,6015.5872
HQ,1986_6,SF,GWRMP,6146.9476
HQ,1986_7,SF,GWRMP,6067.1584
HQ,1986_8,SF,GWRMP,6028.6603
HQ,1986_9,SF,GWRMP,6029.6497
HQ,1987_5,SF,GWRMP,6035.7769
HQ,1987_6,SF,GWRMP,6058.992
HQ,1987_7,SF,GWRMP,6236.7651
HQ,1987_8,SF,GWRMP,6096.6584
HQ,1987_9,SF,GWRMP,6047.4526
HQ,1988_5,SF,GWRMP,6069.082
HQ,1988_6,SF,GWRMP,6057.9235
HQ,1988_7,SF,GWRMP,6080.1924
HQ,1988_8,SF,GWRMP,6052.4494
HQ,1988_9,SF,GWRMP,6065.3601
HQ,1989_5,SF,GWRMP,6045.3958
HQ,1989_6,SF,GWRMP,6059.7065
HQ,1989_7,SF,GWRMP,6123.2159
HQ,1989_8,SF,GWRMP,6110.8685
HQ,1989_9,SF,GWRMP,6082.2983
HQ,1990_5,SF,GWRMP,6038.0739
HQ,1990_6,SF,GWRMP,6059.9333
HQ,1990_7,SF,GWRMP,6017.7113
HQ,1990_8,SF,GWRMP,6155.0898
HQ,1990_9,SF,GWRMP,6078.8413
HQ,1991_5,SF,GWRMP,6045.1596
HQ,1991_6,SF,GWRMP,6180.5658
HQ,1991_7,SF,GWRMP,6175.3885
HQ,1991_8,SF,GWRMP,6050.8393
HQ,1991_9,SF,GWRMP,6058.1949
HQ,1992_5,SF,GWRMP,6018.0375
HQ,1992_6,SF,GWRMP,6060.721
HQ,1992_7,SF,GWRMP,6014.2436
HQ,1992_8,SF,GWRMP,6107.0146
HQ,1992_9,SF,GWRMP,6069.7685
HQ,1993_5,SF,GWRMP,6052.6831
HQ,1993_6,SF,GWRMP,6100.9866
HQ,1993_7,SF,GWRMP,6125.4803
HQ,1993_8,SF,GWRMP,6184.2054
HQ,1993_9,SF,GWRMP,6053.938
HQ,1994_5,SF,GWRMP,6033.3228
HQ,1994_6,SF,GWRMP,6093.2193
HQ,1994_7,SF,GWRMP,5987.9335
HQ,1994_8,SF,GWRMP,6055.7496
HQ,1994_9,SF,GWRMP,5998.9937
HQ,1995_5,SF,GWRMP,6082.2177
HQ,1995_6,SF,GWRMP,6107.0662
HQ,1995_7,SF,GWRMP,6091.4556
HQ,1995_8,SF,GWRMP,6031.9147
HQ,1995_9,SF,GWRMP,5984.7481
HQ,1996_5,SF,GWRMP,5998.6697
HQ,1996_6,SF,GWRMP,6163.5726
HQ,1996_7,SF,GWRMP,6181.0342
HQ,1996_8,SF,GWRMP,6043.8869
HQ,1996_9,SF,GWRMP,5992.5396
HQ,1997_5,SF,GWRMP,6048.9101
HQ,1997_6,SF,GWRMP,6042.2313
HQ,1997_7,SF,GWRMP,6076.2618
HQ,1997_8,SF,GWRMP,6096.8777
HQ,1997_9,SF,GWRMP,5993.5738
HQ,1998_5,SF,GWRMP,6034.7603
HQ,1998_6,SF,GWRMP,6102.1748
HQ,1998_7,SF,GWRMP,6086.9536
HQ,1998_8,SF,GWRMP,6051.2786
HQ,1998_9,SF,GWRMP,6087.1433
HQ,1999_5,SF,GWRMP,6046.2408
HQ,1999_6,SF,GWRMP,6397.2371
HQ,1999_7,SF,GWRMP,6050.7745
HQ,1999_8,SF,GWRMP,6182.3411
HQ,1999_9,SF,GWRMP,6028.4522
HQ,2000_5,SF,GWRMP,6072.8806
HQ,2000_6,SF,GWRMP,6079.8669
HQ,2000_7,SF,GWRMP,6025.8827
HQ,2000_8,SF,GWRMP,6047.7041
HQ,2000_9,SF,GWRMP,6007.8028
HQ,2001_5,SF,GWRMP,6010.0526
HQ,2001_6,SF,GWRMP,6174.2828
HQ,2001_7,SF,GWRMP,6060.0981
HQ,2001_8,SF,GWRMP,6127.0759
HQ,2001_9,SF,GWRMP,5985.9188
HQ,2002_5,SF,GWRMP,6109.1713
HQ,2002_6,SF,GWRMP,6107.8706
HQ,2002_7,SF,GWRMP,6045.81
HQ,2002_8,SF,GWRMP,6067.4612
HQ,2002_9,SF,GWRMP,6003.0605
HQ,2003_5,SF,GWRMP,6011.6406
HQ,2003_6,SF,GWRMP,6052.682
HQ,2003_7,SF,GWRMP,6097.1847
HQ,2003_8,SF,GWRMP,6028.2282
HQ,2003_9,SF,GWRMP,6012.0198
HQ,2004_5,SF,GWRMP,6064.4127
HQ,2004_6,SF,GWRMP,6094.0075
HQ,2004_7,SF,GWRMP,6041.2878
HQ,2004_8,SF,GWRMP,6019.6346
HQ,2004_9,SF,GWRMP,6014.3165
HQ,2005_5,SF,GWRMP,6030.4485
HQ,2005_6,SF,GWRMP,6011.5621
HQ,2005_7,SF,GWRMP,6104.3787
HQ,2005_8,SF,GWRMP,6078.3252
HQ,2005_9,SF,GWRMP,6029.0019
HQ,2006_5,SF,GWRMP,6055.4431
HQ,2006_6,SF,GWRMP,6032.6607
HQ,2006_7,SF,GWRMP,6140.1338
HQ,2006_8,SF,GWRMP,6003.19
HQ,2006_9,SF,GWRMP,6040.759
HQ,2007_5,SF,GWRMP,6023.6012
HQ,2007_6,SF,GWRMP,6041.9105
HQ,2007_7,SF,GWRMP,6091.5799
HQ,2007_8,SF,GWRMP,6040.4526
HQ,2007_9,SF,GWRMP,6073.3946
HQ,2008_5,SF,GWRMP,6065.3328
HQ,2008_6,SF,GWRMP,6171.0833
HQ,2008_7,SF,GWRMP,6059.3058
HQ,2008_8,SF,GWRMP,6043.9689
HQ,2008_9,SF,GWRMP,6030.2996
HQ,2009_5,SF,GWRMP,6012.0778
HQ,2009_6,SF,GWRMP,6116.7277
HQ,2009_7,SF,GWRMP,6168.5438
HQ,2009_8,SF,GWRMP,6076.795
HQ,2009_9,SF,GWRMP,6018.0124
HQ,2010_5,SF,GWRMP,6026.9509
HQ,2010_6,SF,GWRMP,6022.8503
HQ,2010_7,SF,GWRMP,6139.4913
HQ,2010_8,SF,GWRMP,6039.8188
HQ,2010_9,SF,GWRMP,6040.7395
HQ,2011_5,SF,GWRMP,6002.7303
HQ,2011_6,SF,GWRMP,6210.4784
HQ,2011_7,SF,GWRMP,6085.2871
HQ,2011_8,SF,GWRMP,6149.4246
HQ,2011_9,SF,GWRMP,5990.7552
HQ,2012_5,SF,GWRMP,6061.9872
HQ,2012_6,SF,GWRMP,6044.0006
HQ,2012_7,SF,GWRMP,6062.8641
HQ,2012_8,SF,GWRMP,6150.9985
HQ,2012_9,SF,GWRMP,6037.3176
HQ,2013_5,SF,GWRMP,6070.12
HQ,2013_6,SF,GWRMP,6078.8829
HQ,2013_7,SF,GWRMP,6039.0939
HQ,2013_8,SF,GWRMP,6039.2691
HQ,2013_9,SF,GWRMP,6014.6375
HQ,2014_5,SF,GWRMP,6036.5191
HQ,2014_6,SF,GWRMP,6084.6395
HQ,2014_7,SF,GWRMP,6128.7304
HQ,2014_8,SF,GWRMP,6113.0941
HQ,2014_9,SF,GWRMP,6028.9182
HQ,2015_5,SF,GWRMP,6068.0253
HQ,2015_6,SF,GWRMP,6248.4803
HQ,2015_7,SF,GWRMP,6088.3284
HQ,2015_8,SF,GWRMP,6068.2369
HQ,2015_9,SF,GWRMP,6054.6006
HQ,2016_5,SF,GWRMP,6123.1411
HQ,2016_6,SF,GWRMP,6233.8603
HQ,2016_7,SF,GWRMP,6132.7704
HQ,2016_8,SF,GWRMP,6019.4529
HQ,2016_9,SF,GWRMP,6169.7458
HX,1979_5,SF,GWRMP,5579.1326
HX,1979_6,SF,GWRMP,5650.1263
HX,1979_7,SF,GWRMP,5643.6237
HX,1979_8,SF,GWRMP,5572.2515
HX,1979_9,SF,GWRMP,5583.1602
HX,1980_5,SF,GWRMP,5590.8033
HX,1980_6,SF,GWRMP,5645.8303
HX,1980_7,SF,GWRMP,5693.4155
HX,1980_8,SF,GWRMP,5705.3809
HX,1980_9,SF,GWRMP,5582.1007
HX,1981_5,SF,GWRMP,5575.2718
HX,1981_6,SF,GWRMP,5627.5729
HX,1981_7,SF,GWRMP,5657.0278
HX,1981_8,SF,GWRMP,5588.0557
HX,1981_9,SF,GWRMP,5568.6018
HX,1982_5,SF,GWRMP,5551.9778
HX,1982_6,SF,GWRMP,5610.3023
HX,1982_7,SF,GWRMP,5733.8865
HX,1982_8,SF,GWRMP,5597.9126
HX,1982_9,SF,GWRMP,5554.0328
HX,1983_5,SF,GWRMP,5608.0065
HX,1983_6,SF,GWRMP,5680.1553
HX,1983_7,SF,GWRMP,5637.3367
HX,1983_8,SF,GWRMP,5550.4138
HX,1983_9,SF,GWRMP,5635.0784
HX,1984_5,SF,GWRMP,5589.0883
HX,1984_6,SF,GWRMP,5703.9883
HX,1984_7,SF,GWRMP,5602.8827
HX,1984_8,SF,GWRMP,5604.9853
HX,1984_9,SF,GWRMP,5638.6238
HX,1985_5,SF,GWRMP,5626.0085
HX,1985_6,SF,GWRMP,5608.7052
HX,1985_7,SF,GWRMP,5641.3578
HX,1985_8,SF,GWRMP,5597.5846
HX,1985_9,SF,GWRMP,5595.5329
HX,1986_5,SF,GWRMP,5562.135
HX,1986_6,SF,GWRMP,5670.809
HX,1986_7,SF,GWRMP,5628.9105
HX,1986_8,SF,GWRMP,5588.1961
HX,1986_9,SF,GWRMP,5569.6932
HX,1987_5,SF,GWRMP,5596.3468
HX,1987_6,SF,GWRMP,5595.7415
HX,1987_7,SF,GWRMP,5790.9195
HX,1987_8,SF,GWRMP,5673.8573
HX,1987_9,SF,GWRMP,5557.3619
HX,1988_5,SF,GWRMP,5615.4004
HX,1988_6,SF,GWRMP,5631.3083
HX,1988_7,SF,GWRMP,5636.4952
HX,1988_8,SF,GWRMP,5569.8236
HX,1988_9,SF,GWRMP,5608.1007
HX,1989_5,SF,GWRMP,5588.1066
HX,1989_6,SF,GWRMP,5608.9886
HX,1989_7,SF,GWRMP,5657.265
HX,1989_8,SF,GWRMP,5678.5927
HX,1989_9,SF,GWRMP,5617.9351
HX,1990_5,SF,GWRMP,5582.4864
HX,1990_6,SF,GWRMP,5633.4495
HX,1990_7,SF,GWRMP,5586.0472
HX,1990_8,SF,GWRMP,5647.6185
HX,1990_9,SF,GWRMP,5588.0543
HX,1991_5,SF,GWRMP,5599.2642
HX,1991_6,SF,GWRMP,5777.8648
HX,1991_7,SF,GWRMP,5798.9003
HX,1991_8,SF,GWRMP,5621.0471
HX,1991_9,SF,GWRMP,5608.3812
HX,1992_5,SF,GWRMP,5571.2752
HX,1992_6,SF,GWRMP,5596.9199
HX,1992_7,SF,GWRMP,5578.2462
HX,1992_8,SF,GWRMP,5679.6196
HX,1992_9,SF,GWRMP,5604.0789
HX,1993_5,SF,GWRMP,5602.8168
HX,1993_6,SF,GWRMP,5642.3855
HX,1993_7,SF,GWRMP,5612.004
HX,1993_8,SF,GWRMP,5666.2791
HX,1993_9,SF,GWRMP,5596.7955
HX,1994_5,SF,GWRMP,5595.4837
HX,1994_6,SF,GWRMP,5621.5918
HX,1994_7,SF,GWRMP,5566.5948
HX,1994_8,SF,GWRMP,5587.8239
HX,1994_9,SF,GWRMP,5546.6981
HX,1995_5,SF,GWRMP,5621.3718
HX,1995_6,SF,GWRMP,5664.3468
HX,1995_7,SF,GWRMP,5612.9246
HX,1995_8,SF,GWRMP,5602.5901
HX,1995_9,SF,GWRMP,5534.5276
HX,1996_5,SF,GWRMP,5565.801
HX,1996_6,SF,GWRMP,5681.4795
HX,1996_7,SF,GWRMP,5705.9896
HX,1996_8,SF,GWRMP,5587.3647
HX,1996_9,SF,GWRMP,5552.4844
HX,1997_5,SF,GWRMP,5604.7266
HX,1997_6,SF,GWRMP,5591.0086
HX,1997_7,SF,GWRMP,5598.3921
HX,1997_8,SF,GWRMP,5624.4536
HX,1997_9,SF,GWRMP,5537.5001
HX,1998_5,SF,GWRMP,5589.5688
HX,1998_6,SF,GWRMP,5656.1318
HX,1998_7,SF,GWRMP,5661.4912
HX,1998_8,SF,GWRMP,5594.9572
HX,1998_9,SF,GWRMP,5580.204
HX,1999_5,SF,GWRMP,5592.8791
HX,1999_6,SF,GWRMP,5834.3796
HX,1999_7,SF,GWRMP,5599.4967
HX,1999_8,SF,GWRMP,5704.9225
HX,1999_9,SF,GWRMP,5560.452
HX,2000_5,SF,GWRMP,5617.0142
HX,2000_6,SF,GWRMP,5657.6822
HX,2000_7,SF,GWRMP,5586.109
HX,2000_8,SF,GWRMP,5617.5499
HX,2000_9,SF,GWRMP,5568.6003
HX,2001_5,SF,GWRMP,5554.3958
HX,2001_6,SF,GWRMP,5656.7437
HX,2001_7,SF,GWRMP,5640.2187
HX,2001_8,SF,GWRMP,5652.7408
HX,2001_9,SF,GWRMP,5541.0722
HX,2002_5,SF,GWRMP,5644.4491
HX,2002_6,SF,GWRMP,5674.5092
HX,2002_7,SF,GWRMP,5589.5139
HX,2002_8,SF,GWRMP,5619.826
HX,2002_9,SF,GWRMP,5567.4658
HX,2003_5,SF,GWRMP,5558.0113
HX,2003_6,SF,GWRMP,5640.0215
HX,2003_7,SF,GWRMP,5740.6534
HX,2003_8,SF,GWRMP,5574.7856
HX,2003_9,SF,GWRMP,5564.8503
HX,2004_5,SF,GWRMP,5619.8403
HX,2004_6,SF,GWRMP,5675.0142
HX,2004_7,SF,GWRMP,5591.4418
HX,2004_8,SF,GWRMP,5575.4534
HX,2004_9,SF,GWRMP,5553.7667
HX,2005_5,SF,GWRMP,5570.7199
HX,2005_6,SF,GWRMP,5581.679
HX,2005_7,SF,GWRMP,5671.8344
HX,2005_8,SF,GWRMP,5633.784
HX,2005_9,SF,GWRMP,5580.6443
HX,2006_5,SF,GWRMP,5599.2772
HX,2006_6,SF,GWRMP,5595.9318
HX,2006_7,SF,GWRMP,5703.1478
HX,2006_8,SF,GWRMP,5567.443
HX,2006_9,SF,GWRMP,5589.9051
HX,2007_5,SF,GWRMP,5568.3102
HX,2007_6,SF,GWRMP,5582.7009
HX,2007_7,SF,GWRMP,5723.4454
HX,2007_8,SF,GWRMP,5592.6879
HX,2007_9,SF,GWRMP,5607.9156
HX,2008_5,SF,GWRMP,5592.556
HX,2008_6,SF,GWRMP,5650.3959
HX,2008_7,SF,GWRMP,5652.646
HX,2008_8,SF,GWRMP,5607.1925
HX,2008_9,SF,GWRMP,5562.2313
HX,2009_5,SF,GWRMP,5565.9229
HX,2009_6,SF,GWRMP,5671.8741
HX,2009_7,SF,GWRMP,5747.2486
HX,2009_8,SF,GWRMP,5620.8403
HX,2009_9,SF,GWRMP,5580.8217
HX,2010_5,SF,GWRMP,5574.643
HX,2010_6,SF,GWRMP,5563.1697
HX,2010_7,SF,GWRMP,5717.0437
HX,2010_8,SF,GWRMP,5584.9133
HX,2010_9,SF,GWRMP,5599.5015
HX,2011_5,SF,GWRMP,5554.7861
HX,2011_6,SF,GWRMP,5740.515
HX,2011_7,SF,GWRMP,5662.3661
HX,2011_8,SF,GWRMP,5748.4392
HX,2011_9,SF,GWRMP,5542.4833
HX,2012_5,SF,GWRMP,5587.9169
HX,2012_6,SF,GWRMP,5563.7922
HX,2012_7,SF,GWRMP,5639.6346
HX,2012_8,SF,GWRMP,5676.7704
HX,2012_9,SF,GWRMP,5577.0409
HX,2013_5,SF,GWRMP,5611.3953
HX,2013_6,SF,GWRMP,5639.0857
HX,2013_7,SF,GWRMP,5625.7005
HX,2013_8,SF,GWRMP,5586.9619
HX,2013_9,SF,GWRMP,5575.836
HX,2014_5,SF,GWRMP,5572.7234
HX,2014_6,SF,GWRMP,5612.407
HX,2014_7,SF,GWRMP,5707.0264
HX,2014_8,SF,GWRMP,5659.6103
HX,2014_9,SF,GWRMP,5577.4269
HX,2015_5,SF,GWRMP,5619.9804
HX,2015_6,SF,GWRMP,5873.0351
HX,2015_7,SF,GWRMP,5638.0925
HX,2015_8,SF,GWRMP,5616.9769
HX,2015_9,SF,GWRMP,5598.7053
HX,2016_5,SF,GWRMP,5665.793
HX,2016_6,SF,GWRMP,5727.0583
HX,2016_7,SF,GWRMP,5762.1876
HX,2016_8,SF,GWRMP,5566.8679
HX,2016_9,SF,GWRMP,5746.8236
PDPX,1979_5,SF,GWRMP,6166.1782
PDPX,1979_6,SF,GWRMP,6202.3002
PDPX,1979_7,SF,GWRMP,6205.6599
PDPX,1979_8,SF,GWRMP,6188.8041
PDPX,1979_9,SF,GWRMP,6175.351
PDPX,1980_5,SF,GWRMP,6181.3143
PDPX,1980_6,SF,GWRMP,6231.7263
PDPX,1980_7,SF,GWRMP,6224.1391
PDPX,1980_8,SF,GWRMP,6366.0515
PDPX,1980_9,SF,GWRMP,6202.6461
PDPX,1981_5,SF,GWRMP,6170.6568
PDPX,1981_6,SF,GWRMP,6217.2036
PDPX,1981_7,SF,GWRMP,6225.8102
PDPX,1981_8,SF,GWRMP,6181.2525
PDPX,1981_9,SF,GWRMP,6181.4519
PDPX,1982_5,SF,GWRMP,6174.9075
PDPX,1982_6,SF,GWRMP,6188.065
PDPX,1982_7,SF,GWRMP,6316.323
PDPX,1982_8,SF,GWRMP,6202.1627
PDPX,1982_9,SF,GWRMP,6161.9408
PDPX,1983_5,SF,GWRMP,6236.3294
PDPX,1983_6,SF,GWRMP,6315.1643
PDPX,1983_7,SF,GWRMP,6181.9964
PDPX,1983_8,SF,GWRMP,6167.3034
PDPX,1983_9,SF,GWRMP,6331.8596
PDPX,1984_5,SF,GWRMP,6199.63
PDPX,1984_6,SF,GWRMP,6223.1553
PDPX,1984_7,SF,GWRMP,6200.2589
PDPX,1984_8,SF,GWRMP,6175.8413
PDPX,1984_9,SF,GWRMP,6178.8951
PDPX,1985_5,SF,GWRMP,6222.0726
PDPX,1985_6,SF,GWRMP,6210.0048
PDPX,1985_7,SF,GWRMP,6280.63
PDPX,1985_8,SF,GWRMP,6234.477
PDPX,1985_9,SF,GWRMP,6260.0073
PDPX,1986_5,SF,GWRMP,6173.6202
PDPX,1986_6,SF,GWRMP,6299.7765
PDPX,1986_7,SF,GWRMP,6240.8641
PDPX,1986_8,SF,GWRMP,6193.7201
PDPX,1986_9,SF,GWRMP,6235.53
PDPX,1987_5,SF,GWRMP,6201.4458
PDPX,1987_6,SF,GWRMP,6188.9867
PDPX,1987_7,SF,GWRMP,6335.3525
PDPX,1987_8,SF,GWRMP,6247.2953
PDPX,1987_9,SF,GWRMP,6198.749
PDPX,1988_5,SF,GWRMP,6197.2749
PDPX,1988_6,SF,GWRMP,6194.603
PDPX,1988_7,SF,GWRMP,6214.2144
PDPX,1988_8,SF,GWRMP,6202.5185
PDPX,1988_9,SF,GWRMP,6208.1923
PDPX,1989_5,SF,GWRMP,6185.299
PDPX,1989_6,SF,GWRMP,6205.1257
PDPX,1989_7,SF,GWRMP,6295.4793
PDPX,1989_8,SF,GWRMP,6255.8669
PDPX,1989_9,SF,GWRMP,6216.1661
PDPX,1990_5,SF,GWRMP,6188.732
PDPX,1990_6,SF,GWRMP,6220.382
PDPX,1990_7,SF,GWRMP,6145.731
PDPX,1990_8,SF,GWRMP,6290.2274
PDPX,1990_9,SF,GWRMP,6239.7735
PDPX,1991_5,SF,GWRMP,6185.109
PDPX,1991_6,SF,GWRMP,6335.1361
PDPX,1991_7,SF,GWRMP,6277.5674
PDPX,1991_8,SF,GWRMP,6228.869
PDPX,1991_9,SF,GWRMP,6228.3427
PDPX,1992_5,SF,GWRMP,6171.8947
PDPX,1992_6,SF,GWRMP,6191.1029
PDPX,1992_7,SF,GWRMP,6146.7419
PDPX,1992_8,SF,GWRMP,6258.5084
PDPX,1992_9,SF,GWRMP,6205.2508
PDPX,1993_5,SF,GWRMP,6188.6836
PDPX,1993_6,SF,GWRMP,6244.641
PDPX,1993_7,SF,GWRMP,6293.6208
PDPX,1993_8,SF,GWRMP,6312.0072
PDPX,1993_9,SF,GWRMP,6234.5399
PDPX,1994_5,SF,GWRMP,6170.6599
PDPX,1994_6,SF,GWRMP,6261.1569
PDPX,1994_7,SF,GWRMP,6138.0119
PDPX,1994_8,SF,GWRMP,6221.7972
PDPX,1994_9,SF,GWRMP,6142.9727
PDPX,1995_5,SF,GWRMP,6241.6181
PDPX,1995_6,SF,GWRMP,6252.0257
PDPX,1995_7,SF,GWRMP,6259.3867
PDPX,1995_8,SF,GWRMP,6219.1716
PDPX,1995_9,SF,GWRMP,6132.9794
PDPX,1996_5,SF,GWRMP,6139.4014
PDPX,1996_6,SF,GWRMP,6286.0075
PDPX,1996_7,SF,GWRMP,6278.5678
PDPX,1996_8,SF,GWRMP,6196.0599
PDPX,1996_9,SF,GWRMP,6136.7825
PDPX,1997_5,SF,GWRMP,6177.8519
PDPX,1997_6,SF,GWRMP,6203.2845
PDPX,1997_7,SF,GWRMP,6269.1614
PDPX,1997_8,SF,GWRMP,6313.6227
PDPX,1997_9,SF,GWRMP,6146.5877
PDPX,1998_5,SF,GWRMP,6183.473
PDPX,1998_6,SF,GWRMP,6234.0951
PDPX,1998_7,SF,GWRMP,6237.0059
PDPX,1998_8,SF,GWRMP,6187.1684
PDPX,1998_9,SF,GWRMP,6201.0565
PDPX,1999_5,SF,GWRMP,6192.0716
PDPX,1999_6,SF,GWRMP,6534.4356
PDPX,1999_7,SF,GWRMP,6191.3731
PDPX,1999_8,SF,GWRMP,6324.18
PDPX,1999_9,SF,GWRMP,6193.4948
PDPX,2000_5,SF,GWRMP,6205.1487
PDPX,2000_6,SF,GWRMP,6226.662
PDPX,2000_7,SF,GWRMP,6179.4822
PDPX,2000_8,SF,GWRMP,6232.8965
PDPX,2000_9,SF,GWRMP,6175.2571
PDPX,2001_5,SF,GWRMP,6158.7257
PDPX,2001_6,SF,GWRMP,6353.5471
PDPX,2001_7,SF,GWRMP,6179.7594
PDPX,2001_8,SF,GWRMP,6329.3904
PDPX,2001_9,SF,GWRMP,6145.1988
PDPX,2002_5,SF,GWRMP,6259.6748
PDPX,2002_6,SF,GWRMP,6226.5244
PDPX,2002_7,SF,GWRMP,6216.4539
PDPX,2002_8,SF,GWRMP,6258.3927
PDPX,2002_9,SF,GWRMP,6159.4498
PDPX,2003_5,SF,GWRMP,6153.0709
PDPX,2003_6,SF,GWRMP,6180.5274
PDPX,2003_7,SF,GWRMP,6182.9751
PDPX,2003_8,SF,GWRMP,6180.913
PDPX,2003_9,SF,GWRMP,6147.9453
PDPX,2004_5,SF,GWRMP,6212.1038
PDPX,2004_6,SF,GWRMP,6211.6031
PDPX,2004_7,SF,GWRMP,6178.4324
PDPX,2004_8,SF,GWRMP,6189.0028
PDPX,2004_9,SF,GWRMP,6201.9401
PDPX,2005_5,SF,GWRMP,6186.5388
PDPX,2005_6,SF,GWRMP,6144.5818
PDPX,2005_7,SF,GWRMP,6216.6323
PDPX,2005_8,SF,GWRMP,6287.6868
PDPX,2005_9,SF,GWRMP,6202.673
PDPX,2006_5,SF,GWRMP,6207.5555
PDPX,2006_6,SF,GWRMP,6201.5989
PDPX,2006_7,SF,GWRMP,6264.3199
PDPX,2006_8,SF,GWRMP,6145.6114
PDPX,2006_9,SF,GWRMP,6183.3099
PDPX,2007_5,SF,GWRMP,6153.0479
PDPX,2007_6,SF,GWRMP,6223.208
PDPX,2007_7,SF,GWRMP,6236.4561
PDPX,2007_8,SF,GWRMP,6226.6653
PDPX,2007_9,SF,GWRMP,6230.7211
PDPX,2008_5,SF,GWRMP,6205.276
PDPX,2008_6,SF,GWRMP,6327.3574
PDPX,2008_7,SF,GWRMP,6191.213
PDPX,2008_8,SF,GWRMP,6233.8456
PDPX,2008_9,SF,GWRMP,6200.6381
PDPX,2009_5,SF,GWRMP,6157.8211
PDPX,2009_6,SF,GWRMP,6228.0659
PDPX,2009_7,SF,GWRMP,6266.5032
PDPX,2009_8,SF,GWRMP,6284.9285
PDPX,2009_9,SF,GWRMP,6193.5338
PDPX,2010_5,SF,GWRMP,6177.2091
PDPX,2010_6,SF,GWRMP,6195.8822
PDPX,2010_7,SF,GWRMP,6250.2588
PDPX,2010_8,SF,GWRMP,6210.859
PDPX,2010_9,SF,GWRMP,6205.5227
PDPX,2011_5,SF,GWRMP,6144.0163
PDPX,2011_6,SF,GWRMP,6339.7324
PDPX,2011_7,SF,GWRMP,6174.7267
PDPX,2011_8,SF,GWRMP,6281.336
PDPX,2011_9,SF,GWRMP,6146.3634
PDPX,2012_5,SF,GWRMP,6200.5233
PDPX,2012_6,SF,GWRMP,6255.4865
PDPX,2012_7,SF,GWRMP,6203.4775
PDPX,2012_8,SF,GWRMP,6234.2183
PDPX,2012_9,SF,GWRMP,6186.3707
PDPX,2013_5,SF,GWRMP,6192.3292
PDPX,2013_6,SF,GWRMP,6247.0603
PDPX,2013_7,SF,GWRMP,6169.1237
PDPX,2013_8,SF,GWRMP,6172.3921
PDPX,2013_9,SF,GWRMP,6167.4881
PDPX,2014_5,SF,GWRMP,6176.6348
PDPX,2014_6,SF,GWRMP,6252.5371
PDPX,2014_7,SF,GWRMP,6269.4995
PDPX,2014_8,SF,GWRMP,6293.8755
PDPX,2014_9,SF,GWRMP,6213.8403
PDPX,2015_5,SF,GWRMP,6198.3898
PDPX,2015_6,SF,GWRMP,6396.673
PDPX,2015_7,SF,GWRMP,6229.3238
PDPX,2015_8,SF,GWRMP,6263.5987
PDPX,2015_9,SF,GWRMP,6215.0619
PDPX,2016_5,SF,GWRMP,6244.8804
PDPX,2016_6,SF,GWRMP,6317.0764
PDPX,2016_7,SF,GWRMP,6226.7004
PDPX,2016_8,SF,GWRMP,6162.7605
PDPX,2016_9,SF,GWRMP,6290.3089
WCXY,1979_5,SF,GWRMP,6373.8984
WCXY,1979_6,SF,GWRMP,6460.7236
WCXY,1979_7,SF,GWRMP,6413.372
WCXY,1979_8,SF,GWRMP,6376.4461
WCXY,1979_9,SF,GWRMP,6400.819
WCXY,1980_5,SF,GWRMP,6395.3165
WCXY,1980_6,SF,GWRMP,6454.8178
WCXY,1980_7,SF,GWRMP,6486.9785
WCXY,1980_8,SF,GWRMP,6517.6192
WCXY,1980_9,SF,GWRMP,6393.2052
WCXY,1981_5,SF,GWRMP,6376.8596
WCXY,1981_6,SF,GWRMP,6439.9136
WCXY,1981_7,SF,GWRMP,6456.1926
WCXY,1981_8,SF,GWRMP,6379.8656
WCXY,1981_9,SF,GWRMP,6368.0011
WCXY,1982_5,SF,GWRMP,6353.04
WCXY,1982_6,SF,GWRMP,6392.6263
WCXY,1982_7,SF,GWRMP,6521.1928
WCXY,1982_8,SF,GWRMP,6389.0642
WCXY,1982_9,SF,GWRMP,6353.7364
WCXY,1983_5,SF,GWRMP,6405.552
WCXY,1983_6,SF,GWRMP,6482.2988
WCXY,1983_7,SF,GWRMP,6441.8914
WCXY,1983_8,SF,GWRMP,6346.6233
WCXY,1983_9,SF,GWRMP,6431.5634
WCXY,1984_5,SF,GWRMP,6392.5222
WCXY,1984_6,SF,GWRMP,6489.4757
WCXY,1984_7,SF,GWRMP,6414.2391
WCXY,1984_8,SF,GWRMP,6418.8383
WCXY,1984_9,SF,GWRMP,6453.5035
WCXY,1985_5,SF,GWRMP,6447.9007
WCXY,1985_6,SF,GWRMP,6446.8806
WCXY,1985_7,SF,GWRMP,6453.3123
WCXY,1985_8,SF,GWRMP,6384.0308
WCXY,1985_9,SF,GWRMP,6412.2205
WCXY,1986_5,SF,GWRMP,6363.6771
WCXY,1986_6,SF,GWRMP,6500.3516
WCXY,1986_7,SF,GWRMP,6462.0328
WCXY,1986_8,SF,GWRMP,6385.0731
WCXY,1986_9,SF,GWRMP,6358.7137
WCXY,1987_5,SF,GWRMP,6390.64
WCXY,1987_6,SF,GWRMP,6404.3898
WCXY,1987_7,SF,GWRMP,6593.9893
WCXY,1987_8,SF,GWRMP,6493.044
WCXY,1987_9,SF,GWRMP,6370.7806
WCXY,1988_5,SF,GWRMP,6431.216
WCXY,1988_6,SF,GWRMP,6415.1895
WCXY,1988_7,SF,GWRMP,6470.2965
WCXY,1988_8,SF,GWRMP,6366.2884
WCXY,1988_9,SF,GWRMP,6413.5658
WCXY,1989_5,SF,GWRMP,6386.2351
WCXY,1989_6,SF,GWRMP,6418.9302
WCXY,1989_7,SF,GWRMP,6461.3542
WCXY,1989_8,SF,GWRMP,6466.7337
WCXY,1989_9,SF,GWRMP,6413.2237
WCXY,1990_5,SF,GWRMP,6380.0112
WCXY,1990_6,SF,GWRMP,6436.384
WCXY,1990_7,SF,GWRMP,6376.641
WCXY,1990_8,SF,GWRMP,6470.7097
WCXY,1990_9,SF,GWRMP,6418.0273
WCXY,1991_5,SF,GWRMP,6390.2835
WCXY,1991_6,SF,GWRMP,6597.3104
WCXY,1991_7,SF,GWRMP,6611.2152
WCXY,1991_8,SF,GWRMP,6421.2398
WCXY,1991_9,SF,GWRMP,6409.4567
WCXY,1992_5,SF,GWRMP,6365.0506
WCXY,1992_6,SF,GWRMP,6399.8688
WCXY,1992_7,SF,GWRMP,6374.3559
WCXY,1992_8,SF,GWRMP,6473.6509
WCXY,1992_9,SF,GWRMP,6388.8726
WCXY,1993_5,SF,GWRMP,6392.5324
WCXY,1993_6,SF,GWRMP,6456.5213
WCXY,1993_7,SF,GWRMP,6413.0588
WCXY,1993_8,SF,GWRMP,6520.1864
WCXY,1993_9,SF,GWRMP,6407.8944
WCXY,1994_5,SF,GWRMP,6390.8648
WCXY,1994_6,SF,GWRMP,6437.8972
WCXY,1994_7,SF,GWRMP,6352.7594
WCXY,1994_8,SF,GWRMP,6408.9902
WCXY,1994_9,SF,GWRMP,6342.7932
WCXY,1995_5,SF,GWRMP,6425.0431
WCXY,1995_6,SF,GWRMP,6471.6974
WCXY,1995_7,SF,GWRMP,6440.884
WCXY,1995_8,SF,GWRMP,6398.0142
WCXY,1995_9,SF,GWRMP,6330.124
WCXY,1996_5,SF,GWRMP,6358.9241
WCXY,1996_6,SF,GWRMP,6483.8201
WCXY,1996_7,SF,GWRMP,6506.8526
WCXY,1996_8,SF,GWRMP,6399.4562
WCXY,1996_9,SF,GWRMP,6349.9064
WCXY,1997_5,SF,GWRMP,6406.8909
WCXY,1997_6,SF,GWRMP,6397.4654
WCXY,1997_7,SF,GWRMP,6402.5001
WCXY,1997_8,SF,GWRMP,6444.0127
WCXY,1997_9,SF,GWRMP,6335.8846
WCXY,1998_5,SF,GWRMP,6383.7781
WCXY,1998_6,SF,GWRMP,6461.8787
WCXY,1998_7,SF,GWRMP,6457.063
WCXY,1998_8,SF,GWRMP,6384.4071
WCXY,1998_9,SF,GWRMP,6409.2499
WCXY,1999_5,SF,GWRMP,6391.4551
WCXY,1999_6,SF,GWRMP,6641.6299
WCXY,1999_7,SF,GWRMP,6415.2128
WCXY,1999_8,SF,GWRMP,6561.3295
WCXY,1999_9,SF,GWRMP,6372.0166
WCXY,2000_5,SF,GWRMP,6421.3195
WCXY,2000_6,SF,GWRMP,6473.4628
WCXY,2000_7,SF,GWRMP,6390.7527
WCXY,2000_8,SF,GWRMP,6412.1652
WCXY,2000_9,SF,GWRMP,6358.8184
WCXY,2001_5,SF,GWRMP,6351.3344
WCXY,2001_6,SF,GWRMP,6535.8288
WCXY,2001_7,SF,GWRMP,6439.9748
WCXY,2001_8,SF,GWRMP,6475.2258
WCXY,2001_9,SF,GWRMP,6334.262
WCXY,2002_5,SF,GWRMP,6473.5959
WCXY,2002_6,SF,GWRMP,6496.1123
WCXY,2002_7,SF,GWRMP,6393.1126
WCXY,2002_8,SF,GWRMP,6414.5833
WCXY,2002_9,SF,GWRMP,6362.3048
WCXY,2003_5,SF,GWRMP,6349.5163
WCXY,2003_6,SF,GWRMP,6419.4316
WCXY,2003_7,SF,GWRMP,6555.2766
WCXY,2003_8,SF,GWRMP,6376.1196
WCXY,2003_9,SF,GWRMP,6359.3945
WCXY,2004_5,SF,GWRMP,6412.2468
WCXY,2004_6,SF,GWRMP,6494.1616
WCXY,2004_7,SF,GWRMP,6426.1377
WCXY,2004_8,SF,GWRMP,6363.8027
WCXY,2004_9,SF,GWRMP,6350.3769
WCXY,2005_5,SF,GWRMP,6370.0043
WCXY,2005_6,SF,GWRMP,6372.6314
WCXY,2005_7,SF,GWRMP,6433.1288
WCXY,2005_8,SF,GWRMP,6446.5071
WCXY,2005_9,SF,GWRMP,6395.3817
WCXY,2006_5,SF,GWRMP,6399.899
WCXY,2006_6,SF,GWRMP,6386.6195
WCXY,2006_7,SF,GWRMP,6521.3797
WCXY,2006_8,SF,GWRMP,6364.1621
WCXY,2006_9,SF,GWRMP,6385.1665
WCXY,2007_5,SF,GWRMP,6365.5028
WCXY,2007_6,SF,GWRMP,6384.5957
WCXY,2007_7,SF,GWRMP,6551.2613
WCXY,2007_8,SF,GWRMP,6413.0914
WCXY,2007_9,SF,GWRMP,6413.9965
WCXY,2008_5,SF,GWRMP,6409.6916
WCXY,2008_6,SF,GWRMP,6489.5056
WCXY,2008_7,SF,GWRMP,6435.9381
WCXY,2008_8,SF,GWRMP,6421.0482
WCXY,2008_9,SF,GWRMP,6375.3307
WCXY,2009_5,SF,GWRMP,6363.9056
WCXY,2009_6,SF,GWRMP,6491.9076
WCXY,2009_7,SF,GWRMP,6535.3289
WCXY,2009_8,SF,GWRMP,6423.1147
WCXY,2009_9,SF,GWRMP,6387.0424
WCXY,2010_5,SF,GWRMP,6368.3126
WCXY,2010_6,SF,GWRMP,6356.4979
WCXY,2010_7,SF,GWRMP,6497.4006
WCXY,2010_8,SF,GWRMP,6413.4496
WCXY,2010_9,SF,GWRMP,6397.7446
WCXY,2011_5,SF,GWRMP,6356.9967
WCXY,2011_6,SF,GWRMP,6561.4743
WCXY,2011_7,SF,GWRMP,6481.5373
WCXY,2011_8,SF,GWRMP,6586.6128
WCXY,2011_9,SF,GWRMP,6338.0727
WCXY,2012_5,SF,GWRMP,6379.6276
WCXY,2012_6,SF,GWRMP,6369.8988
WCXY,2012_7,SF,GWRMP,6453.0808
WCXY,2012_8,SF,GWRMP,6472.4314
WCXY,2012_9,SF,GWRMP,6372.9128
WCXY,2013_5,SF,GWRMP,6413.519
WCXY,2013_6,SF,GWRMP,6440.4761
WCXY,2013_7,SF,GWRMP,6404.5653
WCXY,2013_8,SF,GWRMP,6393.4415
WCXY,2013_9,SF,GWRMP,6370.707
WCXY,2014_5,SF,GWRMP,6377.9039
WCXY,2014_6,SF,GWRMP,6425.1869
WCXY,2014_7,SF,GWRMP,6505.0547
WCXY,2014_8,SF,GWRMP,6514.3221
WCXY,2014_9,SF,GWRMP,6376.3127
WCXY,2015_5,SF,GWRMP,6405.7796
WCXY,2015_6,SF,GWRMP,6758.7488
WCXY,2015_7,SF,GWRMP,6432.3309
WCXY,2015_8,SF,GWRMP,6435.2052
WCXY,2015_9,SF,GWRMP,6402.3421
WCXY,2016_5,SF,GWRMP,6466.9573
WCXY,2016_6,SF,GWRMP,6565.9752
WCXY,2016_7,SF,GWRMP,6530.8267
WCXY,2016_8,SF,GWRMP,6361.7707
WCXY,2016_9,SF,GWRMP,6539.2014
YCDM,1979_5,SF,GWRMP,6166.1886
YCDM,1979_6,SF,GWRMP,6222.6355
YCDM,1979_7,SF,GWRMP,6203.2636
YCDM,1979_8,SF,GWRMP,6181.913
YCDM,1979_9,SF,GWRMP,6200.3761
YCDM,1980_5,SF,GWRMP,6163.3462
YCDM,1980_6,SF,GWRMP,6247.15
YCDM,1980_7,SF,GWRMP,6248.0926
YCDM,1980_8,SF,GWRMP,6349.3984
YCDM,1980_9,SF,GWRMP,6200.0006
YCDM,1981_5,SF,GWRMP,6174.889
YCDM,1981_6,SF,GWRMP,6237.5497
YCDM,1981_7,SF,GWRMP,6236.1308
YCDM,1981_8,SF,GWRMP,6184.5349
YCDM,1981_9,SF,GWRMP,6168.512
YCDM,1982_5,SF,GWRMP,6164.8855
YCDM,1982_6,SF,GWRMP,6183.4331
YCDM,1982_7,SF,GWRMP,6318.414
YCDM,1982_8,SF,GWRMP,6198.5274
YCDM,1982_9,SF,GWRMP,6156.0242
YCDM,1983_5,SF,GWRMP,6217.416
YCDM,1983_6,SF,GWRMP,6298.2136
YCDM,1983_7,SF,GWRMP,6207.9892
YCDM,1983_8,SF,GWRMP,6162.5295
YCDM,1983_9,SF,GWRMP,6263.5717
YCDM,1984_5,SF,GWRMP,6200.3836
YCDM,1984_6,SF,GWRMP,6258.6915
YCDM,1984_7,SF,GWRMP,6221.4957
YCDM,1984_8,SF,GWRMP,6213.5636
YCDM,1984_9,SF,GWRMP,6211.9513
YCDM,1985_5,SF,GWRMP,6234.8708
YCDM,1985_6,SF,GWRMP,6226.8005
YCDM,1985_7,SF,GWRMP,6276.2997
YCDM,1985_8,SF,GWRMP,6206.7382
YCDM,1985_9,SF,GWRMP,6240.6074
YCDM,1986_5,SF,GWRMP,6167.728
YCDM,1986_6,SF,GWRMP,6309.5282
YCDM,1986_7,SF,GWRMP,6252.2639
YCDM,1986_8,SF,GWRMP,6188.0244
YCDM,1986_9,SF,GWRMP,6182.1944
YCDM,1987_5,SF,GWRMP,6189.521
YCDM,1987_6,SF,GWRMP,6200.4135
YCDM,1987_7,SF,GWRMP,6361.4595
YCDM,1987_8,SF,GWRMP,6266.0451
YCDM,1987_9,SF,GWRMP,6191.4293
YCDM,1988_5,SF,GWRMP,6212.4175
YCDM,1988_6,SF,GWRMP,6199.8856
YCDM,1988_7,SF,GWRMP,6245.5498
YCDM,1988_8,SF,GWRMP,6189.019
YCDM,1988_9,SF,GWRMP,6208.6542
YCDM,1989_5,SF,GWRMP,6183.3392
YCDM,1989_6,SF,GWRMP,6210.8139
YCDM,1989_7,SF,GWRMP,6253.1678
YCDM,1989_8,SF,GWRMP,6249.4108
YCDM,1989_9,SF,GWRMP,6219.4931
YCDM,1990_5,SF,GWRMP,6180.4956
YCDM,1990_6,SF,GWRMP,6218.7126
YCDM,1990_7,SF,GWRMP,6155.8254
YCDM,1990_8,SF,GWRMP,6285.7878
YCDM,1990_9,SF,GWRMP,6246.1786
YCDM,1991_5,SF,GWRMP,6181.6128
YCDM,1991_6,SF,GWRMP,6352.2267
YCDM,1991_7,SF,GWRMP,6329.0849
YCDM,1991_8,SF,GWRMP,6226.7154
YCDM,1991_9,SF,GWRMP,6204.7618
YCDM,1992_5,SF,GWRMP,6164.0862
YCDM,1992_6,SF,GWRMP,6194.9049
YCDM,1992_7,SF,GWRMP,6151.773
YCDM,1992_8,SF,GWRMP,6264.4806
YCDM,1992_9,SF,GWRMP,6190.6843
YCDM,1993_5,SF,GWRMP,6189.0094
YCDM,1993_6,SF,GWRMP,6250.5212
YCDM,1993_7,SF,GWRMP,6251.1356
YCDM,1993_8,SF,GWRMP,6355.9419
YCDM,1993_9,SF,GWRMP,6220.5294
YCDM,1994_5,SF,GWRMP,6177.727
YCDM,1994_6,SF,GWRMP,6240.6652
YCDM,1994_7,SF,GWRMP,6143.9685
YCDM,1994_8,SF,GWRMP,6218.5893
YCDM,1994_9,SF,GWRMP,6145.9747
YCDM,1995_5,SF,GWRMP,6229.6268
YCDM,1995_6,SF,GWRMP,6259.3617
YCDM,1995_7,SF,GWRMP,6246.4927
YCDM,1995_8,SF,GWRMP,6196.8566
YCDM,1995_9,SF,GWRMP,6130.8663
YCDM,1996_5,SF,GWRMP,6145.0488
YCDM,1996_6,SF,GWRMP,6277.6295
YCDM,1996_7,SF,GWRMP,6307.8162
YCDM,1996_8,SF,GWRMP,6190.9301
YCDM,1996_9,SF,GWRMP,6141.5899
YCDM,1997_5,SF,GWRMP,6181.6292
YCDM,1997_6,SF,GWRMP,6216.5156
YCDM,1997_7,SF,GWRMP,6223.5251
YCDM,1997_8,SF,GWRMP,6291.7225
YCDM,1997_9,SF,GWRMP,6141.3479
YCDM,1998_5,SF,GWRMP,6172.1479
YCDM,1998_6,SF,GWRMP,6245.6856
YCDM,1998_7,SF,GWRMP,6245.0282
YCDM,1998_8,SF,GWRMP,6183.61
YCDM,1998_9,SF,GWRMP,6222.6622
YCDM,1999_5,SF,GWRMP,6189.2418
YCDM,1999_6,SF,GWRMP,6474.1416
YCDM,1999_7,SF,GWRMP,6197.2577
YCDM,1999_8,SF,GWRMP,6341.7106
YCDM,1999_9,SF,GWRMP,6187.6248
YCDM,2000_5,SF,GWRMP,6213.4584
YCDM,2000_6,SF,GWRMP,6246.843
YCDM,2000_7,SF,GWRMP,6181.2655
YCDM,2000_8,SF,GWRMP,6225.8244
YCDM,2000_9,SF,GWRMP,6160.8686
YCDM,2001_5,SF,GWRMP,6153.1014
YCDM,2001_6,SF,GWRMP,6366.2734
YCDM,2001_7,SF,GWRMP,6217.9186
YCDM,2001_8,SF,GWRMP,6307.8734
YCDM,2001_9,SF,GWRMP,6135.1005
YCDM,2002_5,SF,GWRMP,6265.7295
YCDM,2002_6,SF,GWRMP,6244.2794
YCDM,2002_7,SF,GWRMP,6199.8885
YCDM,2002_8,SF,GWRMP,6245.2086
YCDM,2002_9,SF,GWRMP,6159.6388
YCDM,2003_5,SF,GWRMP,6150.0537
YCDM,2003_6,SF,GWRMP,6195.1736
YCDM,2003_7,SF,GWRMP,6246.4046
YCDM,2003_8,SF,GWRMP,6179.2698
YCDM,2003_9,SF,GWRMP,6158.0304
YCDM,2004_5,SF,GWRMP,6208.8603
YCDM,2004_6,SF,GWRMP,6261.5677
YCDM,2004_7,SF,GWRMP,6212.9521
YCDM,2004_8,SF,GWRMP,6171.5169
YCDM,2004_9,SF,GWRMP,6169.8689
YCDM,2005_5,SF,GWRMP,6179.7106
YCDM,2005_6,SF,GWRMP,6149.1597
YCDM,2005_7,SF,GWRMP,6217.9093
YCDM,2005_8,SF,GWRMP,6262.0004
YCDM,2005_9,SF,GWRMP,6195.6363
YCDM,2006_5,SF,GWRMP,6196.7115
YCDM,2006_6,SF,GWRMP,6180.4394
YCDM,2006_7,SF,GWRMP,6302.0309
YCDM,2006_8,SF,GWRMP,6159.3141
YCDM,2006_9,SF,GWRMP,6181.591
YCDM,2007_5,SF,GWRMP,6157.602
YCDM,2007_6,SF,GWRMP,6195.4708
YCDM,2007_7,SF,GWRMP,6276.3031
YCDM,2007_8,SF,GWRMP,6225.3577
YCDM,2007_9,SF,GWRMP,6224.03
YCDM,2008_5,SF,GWRMP,6203.1002
YCDM,2008_6,SF,GWRMP,6316.1511
YCDM,2008_7,SF,GWRMP,6199.4606
YCDM,2008_8,SF,GWRMP,6209.9233
YCDM,2008_9,SF,GWRMP,6188.0533
YCDM,2009_5,SF,GWRMP,6160.6657
YCDM,2009_6,SF,GWRMP,6258.5937
YCDM,2009_7,SF,GWRMP,6285.7044
YCDM,2009_8,SF,GWRMP,6270.3703
YCDM,2009_9,SF,GWRMP,6188.4321
YCDM,2010_5,SF,GWRMP,6167.3195
YCDM,2010_6,SF,GWRMP,6171.1104
YCDM,2010_7,SF,GWRMP,6247.8745
YCDM,2010_8,SF,GWRMP,6224.5205
YCDM,2010_9,SF,GWRMP,6201.1125
YCDM,2011_5,SF,GWRMP,6152.2752
YCDM,2011_6,SF,GWRMP,6341.5917
YCDM,2011_7,SF,GWRMP,6209.9702
YCDM,2011_8,SF,GWRMP,6307.8428
YCDM,2011_9,SF,GWRMP,6135.9727
YCDM,2012_5,SF,GWRMP,6187.8649
YCDM,2012_6,SF,GWRMP,6184.4069
YCDM,2012_7,SF,GWRMP,6213.7392
YCDM,2012_8,SF,GWRMP,6239.9631
YCDM,2012_9,SF,GWRMP,6173.4817
YCDM,2013_5,SF,GWRMP,6200.1998
YCDM,2013_6,SF,GWRMP,6227.7765
YCDM,2013_7,SF,GWRMP,6192.8445
YCDM,2013_8,SF,GWRMP,6182.8927
YCDM,2013_9,SF,GWRMP,6166.059
YCDM,2014_5,SF,GWRMP,6171.9439
YCDM,2014_6,SF,GWRMP,6234.5038
YCDM,2014_7,SF,GWRMP,6266.1372
YCDM,2014_8,SF,GWRMP,6309.3089
YCDM,2014_9,SF,GWRMP,6188.6738
YCDM,2015_5,SF,GWRMP,6199.4782
YCDM,2015_6,SF,GWRMP,6466.2027
YCDM,2015_7,SF,GWRMP,6222.4118
YCDM,2015_8,SF,GWRMP,6234.5532
YCDM,2015_9,SF,GWRMP,6198.9494
YCDM,2016_5,SF,GWRMP,6254.1339
YCDM,2016_6,SF,GWRMP,6333.181
YCDM,2016_7,SF,GWRMP,6270.4745
YCDM,2016_8,SF,GWRMP,6156.9633
YCDM,2016_9,SF,GWRMP,6289.4047
ZX,1979_5,SF,GWRMP,6077.604
ZX,1979_6,SF,GWRMP,6133.3133
ZX,1979_7,SF,GWRMP,6138.6502
ZX,1979_8,SF,GWRMP,6136.4427
ZX,1979_9,SF,GWRMP,6117.8786
ZX,1980_5,SF,GWRMP,6095.317
ZX,1980_6,SF,GWRMP,6170.5704
ZX,1980_7,SF,GWRMP,6213.4213
ZX,1980_8,SF,GWRMP,6267.0025
ZX,1980_9,SF,GWRMP,6105.5085
ZX,1981_5,SF,GWRMP,6117.0001
ZX,1981_6,SF,GWRMP,6137.2863
ZX,1981_7,SF,GWRMP,6172.0969
ZX,1981_8,SF,GWRMP,6162.7432
ZX,1981_9,SF,GWRMP,6100.887
ZX,1982_5,SF,GWRMP,6085.5564
ZX,1982_6,SF,GWRMP,6132.504
ZX,1982_7,SF,GWRMP,6215.5121
ZX,1982_8,SF,GWRMP,6137.5176
ZX,1982_9,SF,GWRMP,6074.5308
ZX,1983_5,SF,GWRMP,6177.934
ZX,1983_6,SF,GWRMP,6307.3038
ZX,1983_7,SF,GWRMP,6176.039
ZX,1983_8,SF,GWRMP,6066.5671
ZX,1983_9,SF,GWRMP,6174.6854
ZX,1984_5,SF,GWRMP,6116.8798
ZX,1984_6,SF,GWRMP,6312.8917
ZX,1984_7,SF,GWRMP,6139.0228
ZX,1984_8,SF,GWRMP,6138.4937
ZX,1984_9,SF,GWRMP,6133.4746
ZX,1985_5,SF,GWRMP,6123.1287
ZX,1985_6,SF,GWRMP,6153.8276
ZX,1985_7,SF,GWRMP,6203.6455
ZX,1985_8,SF,GWRMP,6107.7105
ZX,1985_9,SF,GWRMP,6134.4766
ZX,1986_5,SF,GWRMP,6081.9999
ZX,1986_6,SF,GWRMP,6205.3471
ZX,1986_7,SF,GWRMP,6130.6781
ZX,1986_8,SF,GWRMP,6109.8395
ZX,1986_9,SF,GWRMP,6130.6913
ZX,1987_5,SF,GWRMP,6112.2041
ZX,1987_6,SF,GWRMP,6127.3234
ZX,1987_7,SF,GWRMP,6286.3778
ZX,1987_8,SF,GWRMP,6157.2988
ZX,1987_9,SF,GWRMP,6126.5952
ZX,1988_5,SF,GWRMP,6131.2535
ZX,1988_6,SF,GWRMP,6157.469
ZX,1988_7,SF,GWRMP,6108.4787
ZX,1988_8,SF,GWRMP,6171.8794
ZX,1988_9,SF,GWRMP,6118.2738
ZX,1989_5,SF,GWRMP,6132.8088
ZX,1989_6,SF,GWRMP,6133.1231
ZX,1989_7,SF,GWRMP,6190.4087
ZX,1989_8,SF,GWRMP,6201.1273
ZX,1989_9,SF,GWRMP,6181.9297
ZX,1990_5,SF,GWRMP,6123.9438
ZX,1990_6,SF,GWRMP,6151.1448
ZX,1990_7,SF,GWRMP,6086.9855
ZX,1990_8,SF,GWRMP,6233.0086
ZX,1990_9,SF,GWRMP,6151.2739
ZX,1991_5,SF,GWRMP,6148.9576
ZX,1991_6,SF,GWRMP,6206.5442
ZX,1991_7,SF,GWRMP,6225.0066
ZX,1991_8,SF,GWRMP,6106.2725
ZX,1991_9,SF,GWRMP,6143.8409
ZX,1992_5,SF,GWRMP,6098.1285
ZX,1992_6,SF,GWRMP,6147.6117
ZX,1992_7,SF,GWRMP,6113.1118
ZX,1992_8,SF,GWRMP,6180.8072
ZX,1992_9,SF,GWRMP,6165.7672
ZX,1993_5,SF,GWRMP,6149.2753
ZX,1993_6,SF,GWRMP,6170.4501
ZX,1993_7,SF,GWRMP,6188.0042
ZX,1993_8,SF,GWRMP,6242.7897
ZX,1993_9,SF,GWRMP,6117.7891
ZX,1994_5,SF,GWRMP,6093.8786
ZX,1994_6,SF,GWRMP,6233.6051
ZX,1994_7,SF,GWRMP,6060.5937
ZX,1994_8,SF,GWRMP,6137.0364
ZX,1994_9,SF,GWRMP,6066.2623
ZX,1995_5,SF,GWRMP,6149.825
ZX,1995_6,SF,GWRMP,6227.7415
ZX,1995_7,SF,GWRMP,6162.613
ZX,1995_8,SF,GWRMP,6117.6239
ZX,1995_9,SF,GWRMP,6049.3267
ZX,1996_5,SF,GWRMP,6055.591
ZX,1996_6,SF,GWRMP,6335.063
ZX,1996_7,SF,GWRMP,6229.3831
ZX,1996_8,SF,GWRMP,6131.998
ZX,1996_9,SF,GWRMP,6052.1969
ZX,1997_5,SF,GWRMP,6105.8068
ZX,1997_6,SF,GWRMP,6114.5626
ZX,1997_7,SF,GWRMP,6211.1592
ZX,1997_8,SF,GWRMP,6202.3398
ZX,1997_9,SF,GWRMP,6060.7517
ZX,1998_5,SF,GWRMP,6125.0442
ZX,1998_6,SF,GWRMP,6179.0966
ZX,1998_7,SF,GWRMP,6168.7541
ZX,1998_8,SF,GWRMP,6125.4006
ZX,1998_9,SF,GWRMP,6140.2936
ZX,1999_5,SF,GWRMP,6122.8861
ZX,1999_6,SF,GWRMP,6482.0615
ZX,1999_7,SF,GWRMP,6138.6602
ZX,1999_8,SF,GWRMP,6272.9039
ZX,1999_9,SF,GWRMP,6068.1323
ZX,2000_5,SF,GWRMP,6129.8695
ZX,2000_6,SF,GWRMP,6161.7664
ZX,2000_7,SF,GWRMP,6084.335
ZX,2000_8,SF,GWRMP,6140.9881
ZX,2000_9,SF,GWRMP,6069.4243
ZX,2001_5,SF,GWRMP,6086.301
ZX,2001_6,SF,GWRMP,6245.5808
ZX,2001_7,SF,GWRMP,6153.7741
ZX,2001_8,SF,GWRMP,6210.8151
ZX,2001_9,SF,GWRMP,6047.9412
ZX,2002_5,SF,GWRMP,6155.3188
ZX,2002_6,SF,GWRMP,6154.443
ZX,2002_7,SF,GWRMP,6125.3718
ZX,2002_8,SF,GWRMP,6164.0789
ZX,2002_9,SF,GWRMP,6078.5087
ZX,2003_5,SF,GWRMP,6095.636
ZX,2003_6,SF,GWRMP,6117.6861
ZX,2003_7,SF,GWRMP,6134.4848
ZX,2003_8,SF,GWRMP,6115.5155
ZX,2003_9,SF,GWRMP,6090.1817
ZX,2004_5,SF,GWRMP,6153.8361
ZX,2004_6,SF,GWRMP,6144.5523
ZX,2004_7,SF,GWRMP,6104.882
ZX,2004_8,SF,GWRMP,6102.4132
ZX,2004_9,SF,GWRMP,6094.1851
ZX,2005_5,SF,GWRMP,6092.222
ZX,2005_6,SF,GWRMP,6077.5479
ZX,2005_7,SF,GWRMP,6224.2575
ZX,2005_8,SF,GWRMP,6155.8378
ZX,2005_9,SF,GWRMP,6085.9116
ZX,2006_5,SF,GWRMP,6148.2504
ZX,2006_6,SF,GWRMP,6107.2535
ZX,2006_7,SF,GWRMP,6183.1876
ZX,2006_8,SF,GWRMP,6073.1851
ZX,2006_9,SF,GWRMP,6102.7743
ZX,2007_5,SF,GWRMP,6074.1327
ZX,2007_6,SF,GWRMP,6123.4918
ZX,2007_7,SF,GWRMP,6148.8708
ZX,2007_8,SF,GWRMP,6097.3612
ZX,2007_9,SF,GWRMP,6144.6071
ZX,2008_5,SF,GWRMP,6115.1438
ZX,2008_6,SF,GWRMP,6295.0635
ZX,2008_7,SF,GWRMP,6160.7289
ZX,2008_8,SF,GWRMP,6128.5505
ZX,2008_9,SF,GWRMP,6091.5421
ZX,2009_5,SF,GWRMP,6077.651
ZX,2009_6,SF,GWRMP,6165.5357
ZX,2009_7,SF,GWRMP,6204.6987
ZX,2009_8,SF,GWRMP,6205.5264
ZX,2009_9,SF,GWRMP,6080.4876
ZX,2010_5,SF,GWRMP,6085.7232
ZX,2010_6,SF,GWRMP,6111.4774
ZX,2010_7,SF,GWRMP,6230.2329
ZX,2010_8,SF,GWRMP,6117.1871
ZX,2010_9,SF,GWRMP,6135.6016
ZX,2011_5,SF,GWRMP,6076.2386
ZX,2011_6,SF,GWRMP,6340.4076
ZX,2011_7,SF,GWRMP,6152.319
ZX,2011_8,SF,GWRMP,6219.4992
ZX,2011_9,SF,GWRMP,6075.0515
ZX,2012_5,SF,GWRMP,6142.5671
ZX,2012_6,SF,GWRMP,6161.0202
ZX,2012_7,SF,GWRMP,6118.4508
ZX,2012_8,SF,GWRMP,6261.3388
ZX,2012_9,SF,GWRMP,6108.147
ZX,2013_5,SF,GWRMP,6112.2288
ZX,2013_6,SF,GWRMP,6199.2601
ZX,2013_7,SF,GWRMP,6082.3014
ZX,2013_8,SF,GWRMP,6132.676
ZX,2013_9,SF,GWRMP,6087.014
ZX,2014_5,SF,GWRMP,6113.8513
ZX,2014_6,SF,GWRMP,6154.0491
ZX,2014_7,SF,GWRMP,6196.2355
ZX,2014_8,SF,GWRMP,6174.8677
ZX,2014_9,SF,GWRMP,6117.4718
ZX,2015_5,SF,GWRMP,6133.9684
ZX,2015_6,SF,GWRMP,6269.1101
ZX,2015_7,SF,GWRMP,6199.7326
ZX,2015_8,SF,GWRMP,6168.3484
ZX,2015_9,SF,GWRMP,6110.035
ZX,2016_5,SF,GWRMP,6208.7676
ZX,2016_6,SF,GWRMP,6297.9655
ZX,2016_7,SF,GWRMP,6178.4017
ZX,2016_8,SF,GWRMP,6095.5477
ZX,2016_9,SF,GWRMP,6256.4338
HJH,1979_5,SF,IDW,5542.5635
HJH,1979_6,SF,IDW,5577.2141
HJH,1979_7,SF,IDW,5594.5743
HJH,1979_8,SF,IDW,5589.3316
HJH,1979_9,SF,IDW,5559.6301
HJH,1980_5,SF,IDW,5559.0985
HJH,1980_6,SF,IDW,5593.5387
HJH,1980_7,SF,IDW,5627.7943
HJH,1980_8,SF,IDW,5662.6559
HJH,1980_9,SF,IDW,5560.0126
HJH,1981_5,SF,IDW,5562.2947
HJH,1981_6,SF,IDW,5573.2406
HJH,1981_7,SF,IDW,5595.5281
HJH,1981_8,SF,IDW,5600.0487
HJH,1981_9,SF,IDW,5551.6963
HJH,1982_5,SF,IDW,5550.7275
HJH,1982_6,SF,IDW,5582.9896
HJH,1982_7,SF,IDW,5634.1004
HJH,1982_8,SF,IDW,5574.4198
HJH,1982_9,SF,IDW,5536.7765
HJH,1983_5,SF,IDW,5615.6409
HJH,1983_6,SF,IDW,5681.3912
HJH,1983_7,SF,IDW,5600.1765
HJH,1983_8,SF,IDW,5536.7636
HJH,1983_9,SF,IDW,5646.3081
HJH,1984_5,SF,IDW,5575.1185
HJH,1984_6,SF,IDW,5702.3625
HJH,1984_7,SF,IDW,5575.7289
HJH,1984_8,SF,IDW,5567.7099
HJH,1984_9,SF,IDW,5564.8827
HJH,1985_5,SF,IDW,5582.9651
HJH,1985_6,SF,IDW,5581.6566
HJH,1985_7,SF,IDW,5642.5567
HJH,1985_8,SF,IDW,5563.0532
HJH,1985_9,SF,IDW,5596.2388
HJH,1986_5,SF,IDW,5550.7434
HJH,1986_6,SF,IDW,5607.3804
HJH,1986_7,SF,IDW,5592.1567
HJH,1986_8,SF,IDW,5550.8392
HJH,1986_9,SF,IDW,5613.6733
HJH,1987_5,SF,IDW,5566.8989
HJH,1987_6,SF,IDW,5578.2207
HJH,1987_7,SF,IDW,5676.9063
HJH,1987_8,SF,IDW,5595.0437
HJH,1987_9,SF,IDW,5596.6801
HJH,1988_5,SF,IDW,5582.5709
HJH,1988_6,SF,IDW,5592.4736
HJH,1988_7,SF,IDW,5577.6351
HJH,1988_8,SF,IDW,5589.6697
HJH,1988_9,SF,IDW,5562.9926
HJH,1989_5,SF,IDW,5576.9233
HJH,1989_6,SF,IDW,5587.831
HJH,1989_7,SF,IDW,5635.0904
HJH,1989_8,SF,IDW,5601.5929
HJH,1989_9,SF,IDW,5625.2846
HJH,1990_5,SF,IDW,5570.1265
HJH,1990_6,SF,IDW,5585.5527
HJH,1990_7,SF,IDW,5533.6179
HJH,1990_8,SF,IDW,5648.3255
HJH,1990_9,SF,IDW,5594.6071
HJH,1991_5,SF,IDW,5591.5007
HJH,1991_6,SF,IDW,5663.2512
HJH,1991_7,SF,IDW,5620.7436
HJH,1991_8,SF,IDW,5567.0923
HJH,1991_9,SF,IDW,5580.7482
HJH,1992_5,SF,IDW,5565.632
HJH,1992_6,SF,IDW,5598.0822
HJH,1992_7,SF,IDW,5541.9706
HJH,1992_8,SF,IDW,5600.6447
HJH,1992_9,SF,IDW,5594.4014
HJH,1993_5,SF,IDW,5603.1837
HJH,1993_6,SF,IDW,5618.3429
HJH,1993_7,SF,IDW,5661.1902
HJH,1993_8,SF,IDW,5661.5709
HJH,1993_9,SF,IDW,5590.8907
HJH,1994_5,SF,IDW,5546.1157
HJH,1994_6,SF,IDW,5670.8636
HJH,1994_7,SF,IDW,5528.5235
HJH,1994_8,SF,IDW,5584.4016
HJH,1994_9,SF,IDW,5531.2353
HJH,1995_5,SF,IDW,5603.7275
HJH,1995_6,SF,IDW,5646.4374
HJH,1995_7,SF,IDW,5635.2503
HJH,1995_8,SF,IDW,5568.3066
HJH,1995_9,SF,IDW,5519.2284
HJH,1996_5,SF,IDW,5530.1496
HJH,1996_6,SF,IDW,5701.4542
HJH,1996_7,SF,IDW,5640.0731
HJH,1996_8,SF,IDW,5572.6475
HJH,1996_9,SF,IDW,5520.4403
HJH,1997_5,SF,IDW,5556.3876
HJH,1997_6,SF,IDW,5569.2732
HJH,1997_7,SF,IDW,5647.7017
HJH,1997_8,SF,IDW,5659.1049
HJH,1997_9,SF,IDW,5530.2455
HJH,1998_5,SF,IDW,5568.9763
HJH,1998_6,SF,IDW,5593.4461
HJH,1998_7,SF,IDW,5616.4709
HJH,1998_8,SF,IDW,5579.5043
HJH,1998_9,SF,IDW,5582.4484
HJH,1999_5,SF,IDW,5571.7167
HJH,1999_6,SF,IDW,5870.8861
HJH,1999_7,SF,IDW,5557.6597
HJH,1999_8,SF,IDW,5684.2674
HJH,1999_9,SF,IDW,5544.5564
HJH,2000_5,SF,IDW,5580.4414
HJH,2000_6,SF,IDW,5589.238
HJH,2000_7,SF,IDW,5544.1337
HJH,2000_8,SF,IDW,5573.404
HJH,2000_9,SF,IDW,5534.0348
HJH,2001_5,SF,IDW,5548.5981
HJH,2001_6,SF,IDW,5692.3203
HJH,2001_7,SF,IDW,5557.5845
HJH,2001_8,SF,IDW,5634.3931
HJH,2001_9,SF,IDW,5530.4062
HJH,2002_5,SF,IDW,5617.0794
HJH,2002_6,SF,IDW,5594.7158
HJH,2002_7,SF,IDW,5580.1473
HJH,2002_8,SF,IDW,5614.2705
HJH,2002_9,SF,IDW,5534.0455
HJH,2003_5,SF,IDW,5546.3434
HJH,2003_6,SF,IDW,5556.6074
HJH,2003_7,SF,IDW,5553.1372
HJH,2003_8,SF,IDW,5560.8948
HJH,2003_9,SF,IDW,5527.2366
HJH,2004_5,SF,IDW,5581.438
HJH,2004_6,SF,IDW,5579.7233
HJH,2004_7,SF,IDW,5553.476
HJH,2004_8,SF,IDW,5557.1124
HJH,2004_9,SF,IDW,5569.9019
HJH,2005_5,SF,IDW,5558.9361
HJH,2005_6,SF,IDW,5531.5306
HJH,2005_7,SF,IDW,5617.4174
HJH,2005_8,SF,IDW,5598.6184
HJH,2005_9,SF,IDW,5560.7135
HJH,2006_5,SF,IDW,5590.3254
HJH,2006_6,SF,IDW,5579.8947
HJH,2006_7,SF,IDW,5584.9836
HJH,2006_8,SF,IDW,5533.8963
HJH,2006_9,SF,IDW,5568.4707
HJH,2007_5,SF,IDW,5543.8426
HJH,2007_6,SF,IDW,5583.1127
HJH,2007_7,SF,IDW,5565.0292
HJH,2007_8,SF,IDW,5558.0604
HJH,2007_9,SF,IDW,5615.111
HJH,2008_5,SF,IDW,5588.3028
HJH,2008_6,SF,IDW,5713.9695
HJH,2008_7,SF,IDW,5577.2143
HJH,2008_8,SF,IDW,5590.4235
HJH,2008_9,SF,IDW,5576.3598
HJH,2009_5,SF,IDW,5538.36
HJH,2009_6,SF,IDW,5599.7449
HJH,2009_7,SF,IDW,5623.2075
HJH,2009_8,SF,IDW,5611.6725
HJH,2009_9,SF,IDW,5555.8011
HJH,2010_5,SF,IDW,5549.9061
HJH,2010_6,SF,IDW,5579.5506
HJH,2010_7,SF,IDW,5647.3519
HJH,2010_8,SF,IDW,5569.955
HJH,2010_9,SF,IDW,5581.1025
HJH,2011_5,SF,IDW,5534.2849
HJH,2011_6,SF,IDW,5724.8985
HJH,2011_7,SF,IDW,5556.2433
HJH,2011_8,SF,IDW,5635.3895
HJH,2011_9,SF,IDW,5543.0443
HJH,2012_5,SF,IDW,5607.0295
HJH,2012_6,SF,IDW,5631.8577
HJH,2012_7,SF,IDW,5579.8711
HJH,2012_8,SF,IDW,5645.6805
HJH,2012_9,SF,IDW,5558.6667
HJH,2013_5,SF,IDW,5575.9507
HJH,2013_6,SF,IDW,5637.1395
HJH,2013_7,SF,IDW,5537.9857
HJH,2013_8,SF,IDW,5561.7145
HJH,2013_9,SF,IDW,5549.3177
HJH,2014_5,SF,IDW,5557.3734
HJH,2014_6,SF,IDW,5608.269
HJH,2014_7,SF,IDW,5630.9407
HJH,2014_8,SF,IDW,5629.477
HJH,2014_9,SF,IDW,5576.4784
HJH,2015_5,SF,IDW,5568.6116
HJH,2015_6,SF,IDW,5634.6772
HJH,2015_7,SF,IDW,5604.5837
HJH,2015_8,SF,IDW,5602.9436
HJH,2015_9,SF,IDW,5587.8327
HJH,2016_5,SF,IDW,5647.8511
HJH,2016_6,SF,IDW,5679.3119
HJH,2016_7,SF,IDW,5574.5003
HJH,2016_8,SF,IDW,5557.8734
HJH,2016_9,SF,IDW,5649.0941
HQ,1979_5,SF,IDW,6013.8853
HQ,1979_6,SF,IDW,6051.849
HQ,1979_7,SF,IDW,6052.929
HQ,1979_8,SF,IDW,6038.1329
HQ,1979_9,SF,IDW,6025.5212
HQ,1980_5,SF,IDW,6011.7152
HQ,1980_6,SF,IDW,6080.7536
HQ,1980_7,SF,IDW,6103.1583
HQ,1980_8,SF,IDW,6176.3114
HQ,1980_9,SF,IDW,6048.9812
HQ,1981_5,SF,IDW,6028.9052
HQ,1981_6,SF,IDW,6084.979
HQ,1981_7,SF,IDW,6068.724
HQ,1981_8,SF,IDW,6040.614
HQ,1981_9,SF,IDW,6008.9696
HQ,1982_5,SF,IDW,6008.6522
HQ,1982_6,SF,IDW,6043.1995
HQ,1982_7,SF,IDW,6135.1813
HQ,1982_8,SF,IDW,6052.3932
HQ,1982_9,SF,IDW,6002.4216
HQ,1983_5,SF,IDW,6069.591
HQ,1983_6,SF,IDW,6140.1354
HQ,1983_7,SF,IDW,6056.7448
HQ,1983_8,SF,IDW,5992.8274
HQ,1983_9,SF,IDW,6110.0813
HQ,1984_5,SF,IDW,6052.3415
HQ,1984_6,SF,IDW,6150.2955
HQ,1984_7,SF,IDW,6044.3403
HQ,1984_8,SF,IDW,6043.9642
HQ,1984_9,SF,IDW,6078.357
HQ,1985_5,SF,IDW,6072.265
HQ,1985_6,SF,IDW,6052.1015
HQ,1985_7,SF,IDW,6103.5881
HQ,1985_8,SF,IDW,6033.6706
HQ,1985_9,SF,IDW,6056.4031
HQ,1986_5,SF,IDW,6008.9026
HQ,1986_6,SF,IDW,6131.2688
HQ,1986_7,SF,IDW,6061.6671
HQ,1986_8,SF,IDW,6022.5928
HQ,1986_9,SF,IDW,6024.1446
HQ,1987_5,SF,IDW,6033.3592
HQ,1987_6,SF,IDW,6053.7265
HQ,1987_7,SF,IDW,6218.4117
HQ,1987_8,SF,IDW,6085.1538
HQ,1987_9,SF,IDW,6042.9659
HQ,1988_5,SF,IDW,6060.7873
HQ,1988_6,SF,IDW,6051.6545
HQ,1988_7,SF,IDW,6068.1806
HQ,1988_8,SF,IDW,6036.676
HQ,1988_9,SF,IDW,6065.4913
HQ,1989_5,SF,IDW,6035.3657
HQ,1989_6,SF,IDW,6058.6317
HQ,1989_7,SF,IDW,6108.7912
HQ,1989_8,SF,IDW,6105.9295
HQ,1989_9,SF,IDW,6081.4668
HQ,1990_5,SF,IDW,6033.7798
HQ,1990_6,SF,IDW,6052.9649
HQ,1990_7,SF,IDW,6015.0531
HQ,1990_8,SF,IDW,6149.3058
HQ,1990_9,SF,IDW,6057.2047
HQ,1991_5,SF,IDW,6041.3773
HQ,1991_6,SF,IDW,6157.8105
HQ,1991_7,SF,IDW,6137.4084
HQ,1991_8,SF,IDW,6050.782
HQ,1991_9,SF,IDW,6049.2812
HQ,1992_5,SF,IDW,6013.5558
HQ,1992_6,SF,IDW,6053.1956
HQ,1992_7,SF,IDW,6003.3408
HQ,1992_8,SF,IDW,6067.9082
HQ,1992_9,SF,IDW,6067.9373
HQ,1993_5,SF,IDW,6045.5337
HQ,1993_6,SF,IDW,6100.6663
HQ,1993_7,SF,IDW,6108.3081
HQ,1993_8,SF,IDW,6172.2078
HQ,1993_9,SF,IDW,6037.9928
HQ,1994_5,SF,IDW,6033.4412
HQ,1994_6,SF,IDW,6079.3799
HQ,1994_7,SF,IDW,5989.3191
HQ,1994_8,SF,IDW,6051.2135
HQ,1994_9,SF,IDW,5998.9866
HQ,1995_5,SF,IDW,6074.9201
HQ,1995_6,SF,IDW,6097.3003
HQ,1995_7,SF,IDW,6082.3802
HQ,1995_8,SF,IDW,6034.9033
HQ,1995_9,SF,IDW,5984.8318
HQ,1996_5,SF,IDW,5996.8886
HQ,1996_6,SF,IDW,6145.4887
HQ,1996_7,SF,IDW,6141.3593
HQ,1996_8,SF,IDW,6046.4538
HQ,1996_9,SF,IDW,5986.5711
HQ,1997_5,SF,IDW,6033.2093
HQ,1997_6,SF,IDW,6031.9797
HQ,1997_7,SF,IDW,6058.4139
HQ,1997_8,SF,IDW,6078.4235
HQ,1997_9,SF,IDW,5987.9189
HQ,1998_5,SF,IDW,6024.3899
HQ,1998_6,SF,IDW,6089.7681
HQ,1998_7,SF,IDW,6072.7569
HQ,1998_8,SF,IDW,6048.7808
HQ,1998_9,SF,IDW,6081.0601
HQ,1999_5,SF,IDW,6040.269
HQ,1999_6,SF,IDW,6375.1103
HQ,1999_7,SF,IDW,6030.0005
HQ,1999_8,SF,IDW,6173.6912
HQ,1999_9,SF,IDW,6027.1911
HQ,2000_5,SF,IDW,6066.4373
HQ,2000_6,SF,IDW,6050.1184
HQ,2000_7,SF,IDW,6026.2736
HQ,2000_8,SF,IDW,6038.2933
HQ,2000_9,SF,IDW,5999.3495
HQ,2001_5,SF,IDW,6003.7492
HQ,2001_6,SF,IDW,6146.9962
HQ,2001_7,SF,IDW,6052.8486
HQ,2001_8,SF,IDW,6119.0507
HQ,2001_9,SF,IDW,5988.5652
HQ,2002_5,SF,IDW,6108.3466
HQ,2002_6,SF,IDW,6097.5591
HQ,2002_7,SF,IDW,6038.6726
HQ,2002_8,SF,IDW,6062.2965
HQ,2002_9,SF,IDW,6001.5972
HQ,2003_5,SF,IDW,6006.6609
HQ,2003_6,SF,IDW,6047.4332
HQ,2003_7,SF,IDW,6061.8777
HQ,2003_8,SF,IDW,6028.9918
HQ,2003_9,SF,IDW,6009.7041
HQ,2004_5,SF,IDW,6049.8813
HQ,2004_6,SF,IDW,6085.3734
HQ,2004_7,SF,IDW,6039.9659
HQ,2004_8,SF,IDW,6029.6561
HQ,2004_9,SF,IDW,6011.8173
HQ,2005_5,SF,IDW,6027.3831
HQ,2005_6,SF,IDW,6009.7814
HQ,2005_7,SF,IDW,6086.4315
HQ,2005_8,SF,IDW,6068.7456
HQ,2005_9,SF,IDW,6034.818
HQ,2006_5,SF,IDW,6038.0458
HQ,2006_6,SF,IDW,6019.2876
HQ,2006_7,SF,IDW,6106.9677
HQ,2006_8,SF,IDW,6002.9957
HQ,2006_9,SF,IDW,6041.6911
HQ,2007_5,SF,IDW,6025.4128
HQ,2007_6,SF,IDW,6035.1924
HQ,2007_7,SF,IDW,6081.9687
HQ,2007_8,SF,IDW,6038.5672
HQ,2007_9,SF,IDW,6076.1853
HQ,2008_5,SF,IDW,6063.6015
HQ,2008_6,SF,IDW,6151.7983
HQ,2008_7,SF,IDW,6048.1672
HQ,2008_8,SF,IDW,6046.974
HQ,2008_9,SF,IDW,6035.4078
HQ,2009_5,SF,IDW,6004.3101
HQ,2009_6,SF,IDW,6094.3483
HQ,2009_7,SF,IDW,6139.2061
HQ,2009_8,SF,IDW,6078.8602
HQ,2009_9,SF,IDW,6013.6577
HQ,2010_5,SF,IDW,6019.3802
HQ,2010_6,SF,IDW,6017.1304
HQ,2010_7,SF,IDW,6117.3711
HQ,2010_8,SF,IDW,6044.4985
HQ,2010_9,SF,IDW,6029.9746
HQ,2011_5,SF,IDW,6001.7563
HQ,2011_6,SF,IDW,6194.2096
HQ,2011_7,SF,IDW,6065.9286
HQ,2011_8,SF,IDW,6147.5885
HQ,2011_9,SF,IDW,5990.3275
HQ,2012_5,SF,IDW,6061.4476
HQ,2012_6,SF,IDW,6025.7244
HQ,2012_7,SF,IDW,6055.2232
HQ,2012_8,SF,IDW,6149.3055
HQ,2012_9,SF,IDW,6030.3206
HQ,2013_5,SF,IDW,6061.7214
HQ,2013_6,SF,IDW,6066.6608
HQ,2013_7,SF,IDW,6036.3989
HQ,2013_8,SF,IDW,6021.4818
HQ,2013_9,SF,IDW,6010.5249
HQ,2014_5,SF,IDW,6023.4959
HQ,2014_6,SF,IDW,6079.065
HQ,2014_7,SF,IDW,6102.8617
HQ,2014_8,SF,IDW,6092.4077
HQ,2014_9,SF,IDW,6020.9869
HQ,2015_5,SF,IDW,6051.208
HQ,2015_6,SF,IDW,6195.0443
HQ,2015_7,SF,IDW,6072.174
HQ,2015_8,SF,IDW,6067.343
HQ,2015_9,SF,IDW,6051.7893
HQ,2016_5,SF,IDW,6116.7971
HQ,2016_6,SF,IDW,6206.0569
HQ,2016_7,SF,IDW,6107.6754
HQ,2016_8,SF,IDW,6016.6373
HQ,2016_9,SF,IDW,6139.8104
HX,1979_5,SF,IDW,5577.3886
HX,1979_6,SF,IDW,5637.9321
HX,1979_7,SF,IDW,5625.2978
HX,1979_8,SF,IDW,5568.641
HX,1979_9,SF,IDW,5570.4685
HX,1980_5,SF,IDW,5557.9057
HX,1980_6,SF,IDW,5632.3749
HX,1980_7,SF,IDW,5656.1536
HX,1980_8,SF,IDW,5683.2323
HX,1980_9,SF,IDW,5581.3162
HX,1981_5,SF,IDW,5571.0977
HX,1981_6,SF,IDW,5623.8329
HX,1981_7,SF,IDW,5635.9473
HX,1981_8,SF,IDW,5575.5803
HX,1981_9,SF,IDW,5554.2838
HX,1982_5,SF,IDW,5549.2267
HX,1982_6,SF,IDW,5587.8157
HX,1982_7,SF,IDW,5696.4658
HX,1982_8,SF,IDW,5594.0605
HX,1982_9,SF,IDW,5553.146
HX,1983_5,SF,IDW,5591.7317
HX,1983_6,SF,IDW,5656.465
HX,1983_7,SF,IDW,5623.55
HX,1983_8,SF,IDW,5543.5844
HX,1983_9,SF,IDW,5620.0764
HX,1984_5,SF,IDW,5587.4081
HX,1984_6,SF,IDW,5685.2051
HX,1984_7,SF,IDW,5586.7163
HX,1984_8,SF,IDW,5594.9631
HX,1984_9,SF,IDW,5626.0069
HX,1985_5,SF,IDW,5614.7596
HX,1985_6,SF,IDW,5592.9144
HX,1985_7,SF,IDW,5627.2014
HX,1985_8,SF,IDW,5588.228
HX,1985_9,SF,IDW,5585.4733
HX,1986_5,SF,IDW,5557.445
HX,1986_6,SF,IDW,5657.3063
HX,1986_7,SF,IDW,5620.0633
HX,1986_8,SF,IDW,5575.8888
HX,1986_9,SF,IDW,5559.3036
HX,1987_5,SF,IDW,5587.8039
HX,1987_6,SF,IDW,5597.133
HX,1987_7,SF,IDW,5757.5268
HX,1987_8,SF,IDW,5654.8132
HX,1987_9,SF,IDW,5556.9971
HX,1988_5,SF,IDW,5607.6901
HX,1988_6,SF,IDW,5614.84
HX,1988_7,SF,IDW,5620.8254
HX,1988_8,SF,IDW,5564.0278
HX,1988_9,SF,IDW,5605.3411
HX,1989_5,SF,IDW,5578.8246
HX,1989_6,SF,IDW,5597.3482
HX,1989_7,SF,IDW,5637.1224
HX,1989_8,SF,IDW,5670.4425
HX,1989_9,SF,IDW,5609.9587
HX,1990_5,SF,IDW,5578.5719
HX,1990_6,SF,IDW,5614.3914
HX,1990_7,SF,IDW,5582.2899
HX,1990_8,SF,IDW,5649.1198
HX,1990_9,SF,IDW,5571.2895
HX,1991_5,SF,IDW,5590.7231
HX,1991_6,SF,IDW,5761.62
HX,1991_7,SF,IDW,5754.1794
HX,1991_8,SF,IDW,5614.9524
HX,1991_9,SF,IDW,5590.9579
HX,1992_5,SF,IDW,5566.3549
HX,1992_6,SF,IDW,5591.06
HX,1992_7,SF,IDW,5552.7468
HX,1992_8,SF,IDW,5618.4554
HX,1992_9,SF,IDW,5599.7023
HX,1993_5,SF,IDW,5595.0268
HX,1993_6,SF,IDW,5638.4655
HX,1993_7,SF,IDW,5592.2592
HX,1993_8,SF,IDW,5654.4915
HX,1993_9,SF,IDW,5589.6448
HX,1994_5,SF,IDW,5588.7941
HX,1994_6,SF,IDW,5605.5513
HX,1994_7,SF,IDW,5553.6933
HX,1994_8,SF,IDW,5574.022
HX,1994_9,SF,IDW,5545.3915
HX,1995_5,SF,IDW,5613.5159
HX,1995_6,SF,IDW,5654.7566
HX,1995_7,SF,IDW,5598.4515
HX,1995_8,SF,IDW,5593.9349
HX,1995_9,SF,IDW,5533.7324
HX,1996_5,SF,IDW,5562.9429
HX,1996_6,SF,IDW,5653.9988
HX,1996_7,SF,IDW,5677.2095
HX,1996_8,SF,IDW,5584.6983
HX,1996_9,SF,IDW,5549.6177
HX,1997_5,SF,IDW,5598.4895
HX,1997_6,SF,IDW,5583.2452
HX,1997_7,SF,IDW,5584.8782
HX,1997_8,SF,IDW,5612.4664
HX,1997_9,SF,IDW,5533.8053
HX,1998_5,SF,IDW,5576.2493
HX,1998_6,SF,IDW,5645.9941
HX,1998_7,SF,IDW,5629.7947
HX,1998_8,SF,IDW,5575.5732
HX,1998_9,SF,IDW,5574.8223
HX,1999_5,SF,IDW,5582.5371
HX,1999_6,SF,IDW,5804.0001
HX,1999_7,SF,IDW,5581.1145
HX,1999_8,SF,IDW,5670.7044
HX,1999_9,SF,IDW,5554.5442
HX,2000_5,SF,IDW,5612.3035
HX,2000_6,SF,IDW,5629.1515
HX,2000_7,SF,IDW,5580.33
HX,2000_8,SF,IDW,5607.5484
HX,2000_9,SF,IDW,5565.1164
HX,2001_5,SF,IDW,5550.58
HX,2001_6,SF,IDW,5644.0021
HX,2001_7,SF,IDW,5617.6161
HX,2001_8,SF,IDW,5651.0873
HX,2001_9,SF,IDW,5540.7147
HX,2002_5,SF,IDW,5641.9148
HX,2002_6,SF,IDW,5668.8338
HX,2002_7,SF,IDW,5582.8046
HX,2002_8,SF,IDW,5614.8354
HX,2002_9,SF,IDW,5566.4579
HX,2003_5,SF,IDW,5553.5599
HX,2003_6,SF,IDW,5613.1071
HX,2003_7,SF,IDW,5705.5081
HX,2003_8,SF,IDW,5560.1631
HX,2003_9,SF,IDW,5555.5835
HX,2004_5,SF,IDW,5604.5529
HX,2004_6,SF,IDW,5663.2904
HX,2004_7,SF,IDW,5580.6885
HX,2004_8,SF,IDW,5574.0722
HX,2004_9,SF,IDW,5550.2375
HX,2005_5,SF,IDW,5570.256
HX,2005_6,SF,IDW,5572.8728
HX,2005_7,SF,IDW,5636.1654
HX,2005_8,SF,IDW,5619.8597
HX,2005_9,SF,IDW,5572.5775
HX,2006_5,SF,IDW,5587.5234
HX,2006_6,SF,IDW,5583.3662
HX,2006_7,SF,IDW,5672.0425
HX,2006_8,SF,IDW,5562.3184
HX,2006_9,SF,IDW,5588.0898
HX,2007_5,SF,IDW,5567.798
HX,2007_6,SF,IDW,5574.5966
HX,2007_7,SF,IDW,5698.7655
HX,2007_8,SF,IDW,5586.8938
HX,2007_9,SF,IDW,5600.8948
HX,2008_5,SF,IDW,5588.5983
HX,2008_6,SF,IDW,5629.4798
HX,2008_7,SF,IDW,5630.4962
HX,2008_8,SF,IDW,5599.5102
HX,2008_9,SF,IDW,5562.9927
HX,2009_5,SF,IDW,5560.9317
HX,2009_6,SF,IDW,5658.877
HX,2009_7,SF,IDW,5721.3667
HX,2009_8,SF,IDW,5622.5965
HX,2009_9,SF,IDW,5574.8944
HX,2010_5,SF,IDW,5566.2868
HX,2010_6,SF,IDW,5560.9851
HX,2010_7,SF,IDW,5684.0819
HX,2010_8,SF,IDW,5574.1033
HX,2010_9,SF,IDW,5590.5778
HX,2011_5,SF,IDW,5553.9449
HX,2011_6,SF,IDW,5712.3961
HX,2011_7,SF,IDW,5642.208
HX,2011_8,SF,IDW,5736.7035
HX,2011_9,SF,IDW,5542.3442
HX,2012_5,SF,IDW,5583.0688
HX,2012_6,SF,IDW,5564.1176
HX,2012_7,SF,IDW,5623.9148
HX,2012_8,SF,IDW,5667.2808
HX,2012_9,SF,IDW,5571.3081
HX,2013_5,SF,IDW,5607.2348
HX,2013_6,SF,IDW,5618.562
HX,2013_7,SF,IDW,5608.4982
HX,2013_8,SF,IDW,5571.3517
HX,2013_9,SF,IDW,5567.8985
HX,2014_5,SF,IDW,5560.72
HX,2014_6,SF,IDW,5605.3224
HX,2014_7,SF,IDW,5696.0866
HX,2014_8,SF,IDW,5644.2643
HX,2014_9,SF,IDW,5569.9858
HX,2015_5,SF,IDW,5603.9183
HX,2015_6,SF,IDW,5846.3299
HX,2015_7,SF,IDW,5609.9781
HX,2015_8,SF,IDW,5607.0219
HX,2015_9,SF,IDW,5594.9381
HX,2016_5,SF,IDW,5644.3465
HX,2016_6,SF,IDW,5692.8842
HX,2016_7,SF,IDW,5744.3175
HX,2016_8,SF,IDW,5560.0975
HX,2016_9,SF,IDW,5729.592
PDPX,1979_5,SF,IDW,6158.7621
PDPX,1979_6,SF,IDW,6192.9122
PDPX,1979_7,SF,IDW,6192.5345
PDPX,1979_8,SF,IDW,6181.5676
PDPX,1979_9,SF,IDW,6173.9937
PDPX,1980_5,SF,IDW,6176.37
PDPX,1980_6,SF,IDW,6209.8953
PDPX,1980_7,SF,IDW,6205.1371
PDPX,1980_8,SF,IDW,6353.1928
PDPX,1980_9,SF,IDW,6200.8378
PDPX,1981_5,SF,IDW,6170.3434
PDPX,1981_6,SF,IDW,6202.3499
PDPX,1981_7,SF,IDW,6217.5095
PDPX,1981_8,SF,IDW,6177.3449
PDPX,1981_9,SF,IDW,6165.6611
PDPX,1982_5,SF,IDW,6166.1632
PDPX,1982_6,SF,IDW,6184.4587
PDPX,1982_7,SF,IDW,6285.6978
PDPX,1982_8,SF,IDW,6185.7774
PDPX,1982_9,SF,IDW,6148.1623
PDPX,1983_5,SF,IDW,6223.7574
PDPX,1983_6,SF,IDW,6277.443
PDPX,1983_7,SF,IDW,6174.2876
PDPX,1983_8,SF,IDW,6155.6403
PDPX,1983_9,SF,IDW,6318.6638
PDPX,1984_5,SF,IDW,6198.2795
PDPX,1984_6,SF,IDW,6201.6845
PDPX,1984_7,SF,IDW,6202.6797
PDPX,1984_8,SF,IDW,6169.0251
PDPX,1984_9,SF,IDW,6173.3546
PDPX,1985_5,SF,IDW,6216.3051
PDPX,1985_6,SF,IDW,6203.9432
PDPX,1985_7,SF,IDW,6273.9986
PDPX,1985_8,SF,IDW,6202.3482
PDPX,1985_9,SF,IDW,6224.1487
PDPX,1986_5,SF,IDW,6171.0696
PDPX,1986_6,SF,IDW,6282.8283
PDPX,1986_7,SF,IDW,6241.4175
PDPX,1986_8,SF,IDW,6181.0926
PDPX,1986_9,SF,IDW,6212.7465
PDPX,1987_5,SF,IDW,6191.5867
PDPX,1987_6,SF,IDW,6185.2519
PDPX,1987_7,SF,IDW,6323.1666
PDPX,1987_8,SF,IDW,6226.5999
PDPX,1987_9,SF,IDW,6192.2576
PDPX,1988_5,SF,IDW,6198.5123
PDPX,1988_6,SF,IDW,6181.7221
PDPX,1988_7,SF,IDW,6203.2296
PDPX,1988_8,SF,IDW,6173.0404
PDPX,1988_9,SF,IDW,6206.6482
PDPX,1989_5,SF,IDW,6180.269
PDPX,1989_6,SF,IDW,6192.1563
PDPX,1989_7,SF,IDW,6272.9791
PDPX,1989_8,SF,IDW,6226.6369
PDPX,1989_9,SF,IDW,6209.9921
PDPX,1990_5,SF,IDW,6182.8844
PDPX,1990_6,SF,IDW,6193.786
PDPX,1990_7,SF,IDW,6144.2161
PDPX,1990_8,SF,IDW,6289.4441
PDPX,1990_9,SF,IDW,6223.7883
PDPX,1991_5,SF,IDW,6177.1858
PDPX,1991_6,SF,IDW,6326.8914
PDPX,1991_7,SF,IDW,6245.0948
PDPX,1991_8,SF,IDW,6209.9894
PDPX,1991_9,SF,IDW,6208.8187
PDPX,1992_5,SF,IDW,6165.1181
PDPX,1992_6,SF,IDW,6188.4082
PDPX,1992_7,SF,IDW,6143.188
PDPX,1992_8,SF,IDW,6238.5805
PDPX,1992_9,SF,IDW,6186.5911
PDPX,1993_5,SF,IDW,6179.1826
PDPX,1993_6,SF,IDW,6234.896
PDPX,1993_7,SF,IDW,6268.1316
PDPX,1993_8,SF,IDW,6291.9653
PDPX,1993_9,SF,IDW,6219.0492
PDPX,1994_5,SF,IDW,6167.5656
PDPX,1994_6,SF,IDW,6242.3321
PDPX,1994_7,SF,IDW,6128.8065
PDPX,1994_8,SF,IDW,6212.6506
PDPX,1994_9,SF,IDW,6141.1335
PDPX,1995_5,SF,IDW,6231.4169
PDPX,1995_6,SF,IDW,6233.2373
PDPX,1995_7,SF,IDW,6254.4168
PDPX,1995_8,SF,IDW,6192.5969
PDPX,1995_9,SF,IDW,6129.9551
PDPX,1996_5,SF,IDW,6138.4403
PDPX,1996_6,SF,IDW,6263.9434
PDPX,1996_7,SF,IDW,6260.9056
PDPX,1996_8,SF,IDW,6183.7477
PDPX,1996_9,SF,IDW,6136.6882
PDPX,1997_5,SF,IDW,6175.2289
PDPX,1997_6,SF,IDW,6199.5504
PDPX,1997_7,SF,IDW,6253.8786
PDPX,1997_8,SF,IDW,6261.6983
PDPX,1997_9,SF,IDW,6138.7208
PDPX,1998_5,SF,IDW,6174.415
PDPX,1998_6,SF,IDW,6219.9864
PDPX,1998_7,SF,IDW,6231.7622
PDPX,1998_8,SF,IDW,6174.6115
PDPX,1998_9,SF,IDW,6197.4569
PDPX,1999_5,SF,IDW,6190.0009
PDPX,1999_6,SF,IDW,6538.9661
PDPX,1999_7,SF,IDW,6170.4815
PDPX,1999_8,SF,IDW,6298.154
PDPX,1999_9,SF,IDW,6186.0604
PDPX,2000_5,SF,IDW,6201.281
PDPX,2000_6,SF,IDW,6193.5795
PDPX,2000_7,SF,IDW,6174.9852
PDPX,2000_8,SF,IDW,6229.0972
PDPX,2000_9,SF,IDW,6166.8779
PDPX,2001_5,SF,IDW,6155.7632
PDPX,2001_6,SF,IDW,6328.3273
PDPX,2001_7,SF,IDW,6158.6481
PDPX,2001_8,SF,IDW,6308.6241
PDPX,2001_9,SF,IDW,6146.7062
PDPX,2002_5,SF,IDW,6256.0634
PDPX,2002_6,SF,IDW,6216.2751
PDPX,2002_7,SF,IDW,6206.8491
PDPX,2002_8,SF,IDW,6248.7702
PDPX,2002_9,SF,IDW,6153.3825
PDPX,2003_5,SF,IDW,6152.9919
PDPX,2003_6,SF,IDW,6173.0557
PDPX,2003_7,SF,IDW,6166.6947
PDPX,2003_8,SF,IDW,6170.4835
PDPX,2003_9,SF,IDW,6149.1112
PDPX,2004_5,SF,IDW,6199.9856
PDPX,2004_6,SF,IDW,6197.671
PDPX,2004_7,SF,IDW,6170.2025
PDPX,2004_8,SF,IDW,6190.7863
PDPX,2004_9,SF,IDW,6190.7786
PDPX,2005_5,SF,IDW,6185.5926
PDPX,2005_6,SF,IDW,6143.1838
PDPX,2005_7,SF,IDW,6206.8305
PDPX,2005_8,SF,IDW,6274.4701
PDPX,2005_9,SF,IDW,6204.0532
PDPX,2006_5,SF,IDW,6192.6565
PDPX,2006_6,SF,IDW,6193.1673
PDPX,2006_7,SF,IDW,6235.7115
PDPX,2006_8,SF,IDW,6147.3981
PDPX,2006_9,SF,IDW,6175.1237
PDPX,2007_5,SF,IDW,6151.1123
PDPX,2007_6,SF,IDW,6216.8979
PDPX,2007_7,SF,IDW,6212.9405
PDPX,2007_8,SF,IDW,6210.7867
PDPX,2007_9,SF,IDW,6225.7191
PDPX,2008_5,SF,IDW,6202.4872
PDPX,2008_6,SF,IDW,6310.7136
PDPX,2008_7,SF,IDW,6175.412
PDPX,2008_8,SF,IDW,6221.1937
PDPX,2008_9,SF,IDW,6198.1139
PDPX,2009_5,SF,IDW,6154.3275
PDPX,2009_6,SF,IDW,6221.7132
PDPX,2009_7,SF,IDW,6244.6186
PDPX,2009_8,SF,IDW,6271.3618
PDPX,2009_9,SF,IDW,6183.9525
PDPX,2010_5,SF,IDW,6172.7124
PDPX,2010_6,SF,IDW,6191.7708
PDPX,2010_7,SF,IDW,6246.3654
PDPX,2010_8,SF,IDW,6189.454
PDPX,2010_9,SF,IDW,6200.2028
PDPX,2011_5,SF,IDW,6139.7174
PDPX,2011_6,SF,IDW,6311.7033
PDPX,2011_7,SF,IDW,6159.1256
PDPX,2011_8,SF,IDW,6251.8313
PDPX,2011_9,SF,IDW,6143.2595
PDPX,2012_5,SF,IDW,6194.2049
PDPX,2012_6,SF,IDW,6241.4204
PDPX,2012_7,SF,IDW,6189.7816
PDPX,2012_8,SF,IDW,6230.9069
PDPX,2012_9,SF,IDW,6180.2865
PDPX,2013_5,SF,IDW,6185.475
PDPX,2013_6,SF,IDW,6235.6115
PDPX,2013_7,SF,IDW,6164.0974
PDPX,2013_8,SF,IDW,6156.8746
PDPX,2013_9,SF,IDW,6164.4286
PDPX,2014_5,SF,IDW,6163.01
PDPX,2014_6,SF,IDW,6244.3513
PDPX,2014_7,SF,IDW,6266.3692
PDPX,2014_8,SF,IDW,6278.6331
PDPX,2014_9,SF,IDW,6196.9282
PDPX,2015_5,SF,IDW,6187.2789
PDPX,2015_6,SF,IDW,6341.489
PDPX,2015_7,SF,IDW,6211.3037
PDPX,2015_8,SF,IDW,6250.6471
PDPX,2015_9,SF,IDW,6211.7139
PDPX,2016_5,SF,IDW,6231.9058
PDPX,2016_6,SF,IDW,6275.9709
PDPX,2016_7,SF,IDW,6197.4108
PDPX,2016_8,SF,IDW,6162.5901
PDPX,2016_9,SF,IDW,6266.7797
WCXY,1979_5,SF,IDW,6372.8198
WCXY,1979_6,SF,IDW,6449.5847
WCXY,1979_7,SF,IDW,6398.7589
WCXY,1979_8,SF,IDW,6370.3835
WCXY,1979_9,SF,IDW,6360.7615
WCXY,1980_5,SF,IDW,6348.2205
WCXY,1980_6,SF,IDW,6443.155
WCXY,1980_7,SF,IDW,6460.069
WCXY,1980_8,SF,IDW,6505.8842
WCXY,1980_9,SF,IDW,6390.5706
WCXY,1981_5,SF,IDW,6373.3585
WCXY,1981_6,SF,IDW,6431.9064
WCXY,1981_7,SF,IDW,6451.2999
WCXY,1981_8,SF,IDW,6368.6376
WCXY,1981_9,SF,IDW,6359.7863
WCXY,1982_5,SF,IDW,6351.092
WCXY,1982_6,SF,IDW,6378.596
WCXY,1982_7,SF,IDW,6483.5365
WCXY,1982_8,SF,IDW,6383.7328
WCXY,1982_9,SF,IDW,6352.818
WCXY,1983_5,SF,IDW,6387.4256
WCXY,1983_6,SF,IDW,6453.9309
WCXY,1983_7,SF,IDW,6431.1665
WCXY,1983_8,SF,IDW,6336.281
WCXY,1983_9,SF,IDW,6405.2783
WCXY,1984_5,SF,IDW,6385.7472
WCXY,1984_6,SF,IDW,6448.2342
WCXY,1984_7,SF,IDW,6394.1555
WCXY,1984_8,SF,IDW,6394.6921
WCXY,1984_9,SF,IDW,6445.4074
WCXY,1985_5,SF,IDW,6436.6041
WCXY,1985_6,SF,IDW,6431.834
WCXY,1985_7,SF,IDW,6444.3893
WCXY,1985_8,SF,IDW,6370.0677
WCXY,1985_9,SF,IDW,6384.8943
WCXY,1986_5,SF,IDW,6358.3948
WCXY,1986_6,SF,IDW,6470.8334
WCXY,1986_7,SF,IDW,6439.5181
WCXY,1986_8,SF,IDW,6372.5014
WCXY,1986_9,SF,IDW,6353.8141
WCXY,1987_5,SF,IDW,6379.871
WCXY,1987_6,SF,IDW,6402.0375
WCXY,1987_7,SF,IDW,6560.4119
WCXY,1987_8,SF,IDW,6466.9936
WCXY,1987_9,SF,IDW,6369.0338
WCXY,1988_5,SF,IDW,6421.9891
WCXY,1988_6,SF,IDW,6404.2008
WCXY,1988_7,SF,IDW,6455.3733
WCXY,1988_8,SF,IDW,6353.593
WCXY,1988_9,SF,IDW,6413.8928
WCXY,1989_5,SF,IDW,6380.7005
WCXY,1989_6,SF,IDW,6411.5019
WCXY,1989_7,SF,IDW,6431.3565
WCXY,1989_8,SF,IDW,6456.2417
WCXY,1989_9,SF,IDW,6403.7071
WCXY,1990_5,SF,IDW,6374.6163
WCXY,1990_6,SF,IDW,6425.9755
WCXY,1990_7,SF,IDW,6371.9096
WCXY,1990_8,SF,IDW,6471.2708
WCXY,1990_9,SF,IDW,6394.0785
WCXY,1991_5,SF,IDW,6382.7785
WCXY,1991_6,SF,IDW,6577.8083
WCXY,1991_7,SF,IDW,6564.9987
WCXY,1991_8,SF,IDW,6415.3593
WCXY,1991_9,SF,IDW,6399.5045
WCXY,1992_5,SF,IDW,6359.4837
WCXY,1992_6,SF,IDW,6390.8343
WCXY,1992_7,SF,IDW,6339.411
WCXY,1992_8,SF,IDW,6430.3008
WCXY,1992_9,SF,IDW,6388.8381
WCXY,1993_5,SF,IDW,6384.4926
WCXY,1993_6,SF,IDW,6457.5215
WCXY,1993_7,SF,IDW,6397.4432
WCXY,1993_8,SF,IDW,6497.1333
WCXY,1993_9,SF,IDW,6390.6844
WCXY,1994_5,SF,IDW,6386.6976
WCXY,1994_6,SF,IDW,6417.4611
WCXY,1994_7,SF,IDW,6334.7365
WCXY,1994_8,SF,IDW,6381.4394
WCXY,1994_9,SF,IDW,6341.5576
WCXY,1995_5,SF,IDW,6416.3033
WCXY,1995_6,SF,IDW,6453.1522
WCXY,1995_7,SF,IDW,6422.3927
WCXY,1995_8,SF,IDW,6386.1793
WCXY,1995_9,SF,IDW,6330.7286
WCXY,1996_5,SF,IDW,6356.3538
WCXY,1996_6,SF,IDW,6459.8865
WCXY,1996_7,SF,IDW,6476.8885
WCXY,1996_8,SF,IDW,6397.3814
WCXY,1996_9,SF,IDW,6339.7841
WCXY,1997_5,SF,IDW,6390.907
WCXY,1997_6,SF,IDW,6385.0198
WCXY,1997_7,SF,IDW,6376.4926
WCXY,1997_8,SF,IDW,6411.8714
WCXY,1997_9,SF,IDW,6331.0169
WCXY,1998_5,SF,IDW,6366.4078
WCXY,1998_6,SF,IDW,6448.0179
WCXY,1998_7,SF,IDW,6438.7294
WCXY,1998_8,SF,IDW,6364.9447
WCXY,1998_9,SF,IDW,6392.8498
WCXY,1999_5,SF,IDW,6382.1087
WCXY,1999_6,SF,IDW,6611.2134
WCXY,1999_7,SF,IDW,6398.0738
WCXY,1999_8,SF,IDW,6553.5466
WCXY,1999_9,SF,IDW,6359.0138
WCXY,2000_5,SF,IDW,6417.7745
WCXY,2000_6,SF,IDW,6431.1764
WCXY,2000_7,SF,IDW,6386.1365
WCXY,2000_8,SF,IDW,6399.1728
WCXY,2000_9,SF,IDW,6351.5608
WCXY,2001_5,SF,IDW,6346.4811
WCXY,2001_6,SF,IDW,6520.0576
WCXY,2001_7,SF,IDW,6417.2853
WCXY,2001_8,SF,IDW,6469.7403
WCXY,2001_9,SF,IDW,6334.084
WCXY,2002_5,SF,IDW,6470.8116
WCXY,2002_6,SF,IDW,6483.4419
WCXY,2002_7,SF,IDW,6380.584
WCXY,2002_8,SF,IDW,6401.2186
WCXY,2002_9,SF,IDW,6361.8127
WCXY,2003_5,SF,IDW,6344.9247
WCXY,2003_6,SF,IDW,6403.5058
WCXY,2003_7,SF,IDW,6504.3978
WCXY,2003_8,SF,IDW,6362.5148
WCXY,2003_9,SF,IDW,6353.5091
WCXY,2004_5,SF,IDW,6397.0526
WCXY,2004_6,SF,IDW,6479.7238
WCXY,2004_7,SF,IDW,6410.2676
WCXY,2004_8,SF,IDW,6368.3958
WCXY,2004_9,SF,IDW,6344.7293
WCXY,2005_5,SF,IDW,6368.7805
WCXY,2005_6,SF,IDW,6364.4363
WCXY,2005_7,SF,IDW,6397.0193
WCXY,2005_8,SF,IDW,6436.6354
WCXY,2005_9,SF,IDW,6388.2977
WCXY,2006_5,SF,IDW,6373.4557
WCXY,2006_6,SF,IDW,6369.5004
WCXY,2006_7,SF,IDW,6492.5546
WCXY,2006_8,SF,IDW,6359.7529
WCXY,2006_9,SF,IDW,6382.9382
WCXY,2007_5,SF,IDW,6362.024
WCXY,2007_6,SF,IDW,6372.3599
WCXY,2007_7,SF,IDW,6542.5522
WCXY,2007_8,SF,IDW,6402.9869
WCXY,2007_9,SF,IDW,6407.5235
WCXY,2008_5,SF,IDW,6406.4191
WCXY,2008_6,SF,IDW,6449.1885
WCXY,2008_7,SF,IDW,6416.7097
WCXY,2008_8,SF,IDW,6408.1215
WCXY,2008_9,SF,IDW,6376.8074
WCXY,2009_5,SF,IDW,6356.728
WCXY,2009_6,SF,IDW,6466.8443
WCXY,2009_7,SF,IDW,6499.6749
WCXY,2009_8,SF,IDW,6419.9998
WCXY,2009_9,SF,IDW,6377.3395
WCXY,2010_5,SF,IDW,6359.7604
WCXY,2010_6,SF,IDW,6345.7996
WCXY,2010_7,SF,IDW,6466.2224
WCXY,2010_8,SF,IDW,6402.1814
WCXY,2010_9,SF,IDW,6387.705
WCXY,2011_5,SF,IDW,6356.7179
WCXY,2011_6,SF,IDW,6533.0122
WCXY,2011_7,SF,IDW,6465.9779
WCXY,2011_8,SF,IDW,6578.5576
WCXY,2011_9,SF,IDW,6337.7156
WCXY,2012_5,SF,IDW,6375.0394
WCXY,2012_6,SF,IDW,6361.6195
WCXY,2012_7,SF,IDW,6437.5072
WCXY,2012_8,SF,IDW,6471.6826
WCXY,2012_9,SF,IDW,6365.8657
WCXY,2013_5,SF,IDW,6411.4252
WCXY,2013_6,SF,IDW,6416.6044
WCXY,2013_7,SF,IDW,6384.9992
WCXY,2013_8,SF,IDW,6369.4405
WCXY,2013_9,SF,IDW,6370.7402
WCXY,2014_5,SF,IDW,6365.2586
WCXY,2014_6,SF,IDW,6415.1935
WCXY,2014_7,SF,IDW,6487.3103
WCXY,2014_8,SF,IDW,6492.48
WCXY,2014_9,SF,IDW,6369.4815
WCXY,2015_5,SF,IDW,6383.2887
WCXY,2015_6,SF,IDW,6739.5114
WCXY,2015_7,SF,IDW,6402.8652
WCXY,2015_8,SF,IDW,6435.2462
WCXY,2015_9,SF,IDW,6399.2715
WCXY,2016_5,SF,IDW,6444.6194
WCXY,2016_6,SF,IDW,6529.1689
WCXY,2016_7,SF,IDW,6509.1554
WCXY,2016_8,SF,IDW,6364.1833
WCXY,2016_9,SF,IDW,6510.9346
YCDM,1979_5,SF,IDW,6162.1282
YCDM,1979_6,SF,IDW,6209.5237
YCDM,1979_7,SF,IDW,6188.8956
YCDM,1979_8,SF,IDW,6175.8859
YCDM,1979_9,SF,IDW,6167.3276
YCDM,1980_5,SF,IDW,6156.9462
YCDM,1980_6,SF,IDW,6227.9204
YCDM,1980_7,SF,IDW,6217.5546
YCDM,1980_8,SF,IDW,6333.5027
YCDM,1980_9,SF,IDW,6196.0881
YCDM,1981_5,SF,IDW,6172.312
YCDM,1981_6,SF,IDW,6218.528
YCDM,1981_7,SF,IDW,6223.9985
YCDM,1981_8,SF,IDW,6168.6836
YCDM,1981_9,SF,IDW,6160.6103
YCDM,1982_5,SF,IDW,6159.6058
YCDM,1982_6,SF,IDW,6178.108
YCDM,1982_7,SF,IDW,6286.163
YCDM,1982_8,SF,IDW,6183.819
YCDM,1982_9,SF,IDW,6150.0552
YCDM,1983_5,SF,IDW,6207.8911
YCDM,1983_6,SF,IDW,6264.1167
YCDM,1983_7,SF,IDW,6196.9897
YCDM,1983_8,SF,IDW,6149.3035
YCDM,1983_9,SF,IDW,6244.3332
YCDM,1984_5,SF,IDW,6197.7663
YCDM,1984_6,SF,IDW,6229.3147
YCDM,1984_7,SF,IDW,6215.4673
YCDM,1984_8,SF,IDW,6197.0214
YCDM,1984_9,SF,IDW,6204.2584
YCDM,1985_5,SF,IDW,6228.97
YCDM,1985_6,SF,IDW,6207.7141
YCDM,1985_7,SF,IDW,6273.6862
YCDM,1985_8,SF,IDW,6169.5964
YCDM,1985_9,SF,IDW,6217.9206
YCDM,1986_5,SF,IDW,6162.6486
YCDM,1986_6,SF,IDW,6283.7672
YCDM,1986_7,SF,IDW,6246.2448
YCDM,1986_8,SF,IDW,6175.2932
YCDM,1986_9,SF,IDW,6166.9998
YCDM,1987_5,SF,IDW,6179.5261
YCDM,1987_6,SF,IDW,6195.0892
YCDM,1987_7,SF,IDW,6341.0918
YCDM,1987_8,SF,IDW,6240.9454
YCDM,1987_9,SF,IDW,6190.2597
YCDM,1988_5,SF,IDW,6207.2843
YCDM,1988_6,SF,IDW,6188.7861
YCDM,1988_7,SF,IDW,6237.4638
YCDM,1988_8,SF,IDW,6164.665
YCDM,1988_9,SF,IDW,6204.2258
YCDM,1989_5,SF,IDW,6178.6472
YCDM,1989_6,SF,IDW,6202.4682
YCDM,1989_7,SF,IDW,6229.8228
YCDM,1989_8,SF,IDW,6229.8181
YCDM,1989_9,SF,IDW,6216.3428
YCDM,1990_5,SF,IDW,6175.4791
YCDM,1990_6,SF,IDW,6202.4533
YCDM,1990_7,SF,IDW,6151.4649
YCDM,1990_8,SF,IDW,6280.4596
YCDM,1990_9,SF,IDW,6234.5184
YCDM,1991_5,SF,IDW,6178.3537
YCDM,1991_6,SF,IDW,6341.5755
YCDM,1991_7,SF,IDW,6306.5219
YCDM,1991_8,SF,IDW,6200.1605
YCDM,1991_9,SF,IDW,6183.169
YCDM,1992_5,SF,IDW,6159.7064
YCDM,1992_6,SF,IDW,6188.4472
YCDM,1992_7,SF,IDW,6139.835
YCDM,1992_8,SF,IDW,6236.142
YCDM,1992_9,SF,IDW,6177.0594
YCDM,1993_5,SF,IDW,6177.8554
YCDM,1993_6,SF,IDW,6244.7919
YCDM,1993_7,SF,IDW,6230.5724
YCDM,1993_8,SF,IDW,6336.6256
YCDM,1993_9,SF,IDW,6190.728
YCDM,1994_5,SF,IDW,6177.3661
YCDM,1994_6,SF,IDW,6225.1881
YCDM,1994_7,SF,IDW,6130.2566
YCDM,1994_8,SF,IDW,6204.21
YCDM,1994_9,SF,IDW,6146.686
YCDM,1995_5,SF,IDW,6223.431
YCDM,1995_6,SF,IDW,6246.2775
YCDM,1995_7,SF,IDW,6237.1673
YCDM,1995_8,SF,IDW,6179.7097
YCDM,1995_9,SF,IDW,6131.0114
YCDM,1996_5,SF,IDW,6142.8366
YCDM,1996_6,SF,IDW,6262.8516
YCDM,1996_7,SF,IDW,6281.1411
YCDM,1996_8,SF,IDW,6189.7121
YCDM,1996_9,SF,IDW,6137.0635
YCDM,1997_5,SF,IDW,6175.1819
YCDM,1997_6,SF,IDW,6215.6088
YCDM,1997_7,SF,IDW,6198.6762
YCDM,1997_8,SF,IDW,6240.2994
YCDM,1997_9,SF,IDW,6134.2922
YCDM,1998_5,SF,IDW,6160.7112
YCDM,1998_6,SF,IDW,6229.6801
YCDM,1998_7,SF,IDW,6239.9647
YCDM,1998_8,SF,IDW,6166.747
YCDM,1998_9,SF,IDW,6215.4431
YCDM,1999_5,SF,IDW,6180.5585
YCDM,1999_6,SF,IDW,6470.703
YCDM,1999_7,SF,IDW,6176.6274
YCDM,1999_8,SF,IDW,6323.9357
YCDM,1999_9,SF,IDW,6175.3054
YCDM,2000_5,SF,IDW,6208.3117
YCDM,2000_6,SF,IDW,6205.6097
YCDM,2000_7,SF,IDW,6177.7093
YCDM,2000_8,SF,IDW,6218.1105
YCDM,2000_9,SF,IDW,6144.789
YCDM,2001_5,SF,IDW,6149.5444
YCDM,2001_6,SF,IDW,6345.0094
YCDM,2001_7,SF,IDW,6195.3949
YCDM,2001_8,SF,IDW,6291.8827
YCDM,2001_9,SF,IDW,6135.2048
YCDM,2002_5,SF,IDW,6260.6697
YCDM,2002_6,SF,IDW,6237.4774
YCDM,2002_7,SF,IDW,6191.8741
YCDM,2002_8,SF,IDW,6232.4167
YCDM,2002_9,SF,IDW,6153.9204
YCDM,2003_5,SF,IDW,6151.1711
YCDM,2003_6,SF,IDW,6191.7595
YCDM,2003_7,SF,IDW,6214.0655
YCDM,2003_8,SF,IDW,6165.0058
YCDM,2003_9,SF,IDW,6152.8917
YCDM,2004_5,SF,IDW,6200.5211
YCDM,2004_6,SF,IDW,6244.1317
YCDM,2004_7,SF,IDW,6208.8027
YCDM,2004_8,SF,IDW,6168.0919
YCDM,2004_9,SF,IDW,6159.4532
YCDM,2005_5,SF,IDW,6177.2495
YCDM,2005_6,SF,IDW,6150.6363
YCDM,2005_7,SF,IDW,6203.8258
YCDM,2005_8,SF,IDW,6255.9841
YCDM,2005_9,SF,IDW,6194.0586
YCDM,2006_5,SF,IDW,6183.385
YCDM,2006_6,SF,IDW,6163.7097
YCDM,2006_7,SF,IDW,6273.8392
YCDM,2006_8,SF,IDW,6152.5341
YCDM,2006_9,SF,IDW,6177.7336
YCDM,2007_5,SF,IDW,6156.2967
YCDM,2007_6,SF,IDW,6186.3878
YCDM,2007_7,SF,IDW,6259.6302
YCDM,2007_8,SF,IDW,6202.4953
YCDM,2007_9,SF,IDW,6224.0776
YCDM,2008_5,SF,IDW,6199.8923
YCDM,2008_6,SF,IDW,6296.754
YCDM,2008_7,SF,IDW,6188.4452
YCDM,2008_8,SF,IDW,6203.5581
YCDM,2008_9,SF,IDW,6190.5535
YCDM,2009_5,SF,IDW,6154.3982
YCDM,2009_6,SF,IDW,6244.8934
YCDM,2009_7,SF,IDW,6261.2556
YCDM,2009_8,SF,IDW,6258.1684
YCDM,2009_9,SF,IDW,6184.4657
YCDM,2010_5,SF,IDW,6161.8329
YCDM,2010_6,SF,IDW,6163.2857
YCDM,2010_7,SF,IDW,6240.6727
YCDM,2010_8,SF,IDW,6206.5855
YCDM,2010_9,SF,IDW,6196.0935
YCDM,2011_5,SF,IDW,6150.0304
YCDM,2011_6,SF,IDW,6317.7635
YCDM,2011_7,SF,IDW,6189.4191
YCDM,2011_8,SF,IDW,6281.8175
YCDM,2011_9,SF,IDW,6134.507
YCDM,2012_5,SF,IDW,6185.7111
YCDM,2012_6,SF,IDW,6175.7868
YCDM,2012_7,SF,IDW,6204.4723
YCDM,2012_8,SF,IDW,6233.5094
YCDM,2012_9,SF,IDW,6166.5254
YCDM,2013_5,SF,IDW,6192.5632
YCDM,2013_6,SF,IDW,6211.6529
YCDM,2013_7,SF,IDW,6188.895
YCDM,2013_8,SF,IDW,6164.9654
YCDM,2013_9,SF,IDW,6165.6483
YCDM,2014_5,SF,IDW,6162.8323
YCDM,2014_6,SF,IDW,6226.0932
YCDM,2014_7,SF,IDW,6251.7495
YCDM,2014_8,SF,IDW,6283.335
YCDM,2014_9,SF,IDW,6178.141
YCDM,2015_5,SF,IDW,6186.5404
YCDM,2015_6,SF,IDW,6423.8471
YCDM,2015_7,SF,IDW,6207.8828
YCDM,2015_8,SF,IDW,6234.3406
YCDM,2015_9,SF,IDW,6194.4106
YCDM,2016_5,SF,IDW,6245.1136
YCDM,2016_6,SF,IDW,6299.7437
YCDM,2016_7,SF,IDW,6235.3411
YCDM,2016_8,SF,IDW,6157.9031
YCDM,2016_9,SF,IDW,6242.7661
ZX,1979_5,SF,IDW,6070.2103
ZX,1979_6,SF,IDW,6110.1167
ZX,1979_7,SF,IDW,6127.3973
ZX,1979_8,SF,IDW,6128.0299
ZX,1979_9,SF,IDW,6109.8597
ZX,1980_5,SF,IDW,6088.3412
ZX,1980_6,SF,IDW,6154.9041
ZX,1980_7,SF,IDW,6188.3065
ZX,1980_8,SF,IDW,6233.4455
ZX,1980_9,SF,IDW,6105.791
ZX,1981_5,SF,IDW,6110.2893
ZX,1981_6,SF,IDW,6140.4708
ZX,1981_7,SF,IDW,6176.9751
ZX,1981_8,SF,IDW,6156.1477
ZX,1981_9,SF,IDW,6092.4963
ZX,1982_5,SF,IDW,6086.3396
ZX,1982_6,SF,IDW,6112.3469
ZX,1982_7,SF,IDW,6185.6193
ZX,1982_8,SF,IDW,6126.5934
ZX,1982_9,SF,IDW,6072.4948
ZX,1983_5,SF,IDW,6165.9812
ZX,1983_6,SF,IDW,6278.4971
ZX,1983_7,SF,IDW,6164.4508
ZX,1983_8,SF,IDW,6057.9901
ZX,1983_9,SF,IDW,6165.7538
ZX,1984_5,SF,IDW,6109.4876
ZX,1984_6,SF,IDW,6302.3797
ZX,1984_7,SF,IDW,6137.8462
ZX,1984_8,SF,IDW,6116.9307
ZX,1984_9,SF,IDW,6135.213
ZX,1985_5,SF,IDW,6120.4268
ZX,1985_6,SF,IDW,6135.2814
ZX,1985_7,SF,IDW,6191.0604
ZX,1985_8,SF,IDW,6110.8813
ZX,1985_9,SF,IDW,6124.1967
ZX,1986_5,SF,IDW,6071.2271
ZX,1986_6,SF,IDW,6179.7494
ZX,1986_7,SF,IDW,6121.7821
ZX,1986_8,SF,IDW,6111.5575
ZX,1986_9,SF,IDW,6124.3356
ZX,1987_5,SF,IDW,6107.0855
ZX,1987_6,SF,IDW,6120.2203
ZX,1987_7,SF,IDW,6270.7476
ZX,1987_8,SF,IDW,6134.5922
ZX,1987_9,SF,IDW,6123.538
ZX,1988_5,SF,IDW,6121.2118
ZX,1988_6,SF,IDW,6131.3133
ZX,1988_7,SF,IDW,6101.9565
ZX,1988_8,SF,IDW,6153.7121
ZX,1988_9,SF,IDW,6109.7997
ZX,1989_5,SF,IDW,6115.1114
ZX,1989_6,SF,IDW,6129.0533
ZX,1989_7,SF,IDW,6165.068
ZX,1989_8,SF,IDW,6192.9098
ZX,1989_9,SF,IDW,6171.4924
ZX,1990_5,SF,IDW,6111.7139
ZX,1990_6,SF,IDW,6126.921
ZX,1990_7,SF,IDW,6077.413
ZX,1990_8,SF,IDW,6236.7773
ZX,1990_9,SF,IDW,6133.2992
ZX,1991_5,SF,IDW,6144.429
ZX,1991_6,SF,IDW,6174.1006
ZX,1991_7,SF,IDW,6187.0941
ZX,1991_8,SF,IDW,6106.2274
ZX,1991_9,SF,IDW,6132.1661
ZX,1992_5,SF,IDW,6083.7134
ZX,1992_6,SF,IDW,6128.9475
ZX,1992_7,SF,IDW,6089.1652
ZX,1992_8,SF,IDW,6144.7074
ZX,1992_9,SF,IDW,6155.8147
ZX,1993_5,SF,IDW,6146.0936
ZX,1993_6,SF,IDW,6154.2064
ZX,1993_7,SF,IDW,6181.0638
ZX,1993_8,SF,IDW,6236.2389
ZX,1993_9,SF,IDW,6102.0978
ZX,1994_5,SF,IDW,6085.0732
ZX,1994_6,SF,IDW,6202.1748
ZX,1994_7,SF,IDW,6058.9029
ZX,1994_8,SF,IDW,6130.1611
ZX,1994_9,SF,IDW,6054.6344
ZX,1995_5,SF,IDW,6133.7586
ZX,1995_6,SF,IDW,6198.7643
ZX,1995_7,SF,IDW,6153.131
ZX,1995_8,SF,IDW,6119.6742
ZX,1995_9,SF,IDW,6046.7228
ZX,1996_5,SF,IDW,6052.5599
ZX,1996_6,SF,IDW,6303.8154
ZX,1996_7,SF,IDW,6209.5583
ZX,1996_8,SF,IDW,6125.1537
ZX,1996_9,SF,IDW,6048.5383
ZX,1997_5,SF,IDW,6086.7882
ZX,1997_6,SF,IDW,6093.3013
ZX,1997_7,SF,IDW,6168.914
ZX,1997_8,SF,IDW,6196.8359
ZX,1997_9,SF,IDW,6053.0261
ZX,1998_5,SF,IDW,6102.5215
ZX,1998_6,SF,IDW,6145.4806
ZX,1998_7,SF,IDW,6146.8741
ZX,1998_8,SF,IDW,6127.7572
ZX,1998_9,SF,IDW,6139.7328
ZX,1999_5,SF,IDW,6111.2784
ZX,1999_6,SF,IDW,6478.8692
ZX,1999_7,SF,IDW,6110.8006
ZX,1999_8,SF,IDW,6250.2692
ZX,1999_9,SF,IDW,6068.6482
ZX,2000_5,SF,IDW,6123.0079
ZX,2000_6,SF,IDW,6120.394
ZX,2000_7,SF,IDW,6077.5124
ZX,2000_8,SF,IDW,6120.2737
ZX,2000_9,SF,IDW,6063.9304
ZX,2001_5,SF,IDW,6083.1421
ZX,2001_6,SF,IDW,6199.0417
ZX,2001_7,SF,IDW,6141.0059
ZX,2001_8,SF,IDW,6182.7805
ZX,2001_9,SF,IDW,6047.2094
ZX,2002_5,SF,IDW,6147.0497
ZX,2002_6,SF,IDW,6129.407
ZX,2002_7,SF,IDW,6098.8625
ZX,2002_8,SF,IDW,6142.1794
ZX,2002_9,SF,IDW,6073.5631
ZX,2003_5,SF,IDW,6087.6206
ZX,2003_6,SF,IDW,6101.7155
ZX,2003_7,SF,IDW,6097.5688
ZX,2003_8,SF,IDW,6113.5102
ZX,2003_9,SF,IDW,6081.4689
ZX,2004_5,SF,IDW,6127.3541
ZX,2004_6,SF,IDW,6129.8256
ZX,2004_7,SF,IDW,6103.5439
ZX,2004_8,SF,IDW,6106.8068
ZX,2004_9,SF,IDW,6091.0481
ZX,2005_5,SF,IDW,6081.4226
ZX,2005_6,SF,IDW,6070.0322
ZX,2005_7,SF,IDW,6203.5971
ZX,2005_8,SF,IDW,6139.8692
ZX,2005_9,SF,IDW,6091.1207
ZX,2006_5,SF,IDW,6126.5264
ZX,2006_6,SF,IDW,6096.6035
ZX,2006_7,SF,IDW,6157.4817
ZX,2006_8,SF,IDW,6069.6289
ZX,2006_9,SF,IDW,6101.2079
ZX,2007_5,SF,IDW,6073.0832
ZX,2007_6,SF,IDW,6106.5464
ZX,2007_7,SF,IDW,6124.7935
ZX,2007_8,SF,IDW,6098.5322
ZX,2007_9,SF,IDW,6145.3879
ZX,2008_5,SF,IDW,6116.1148
ZX,2008_6,SF,IDW,6276.8435
ZX,2008_7,SF,IDW,6158.7235
ZX,2008_8,SF,IDW,6120.8717
ZX,2008_9,SF,IDW,6091.5272
ZX,2009_5,SF,IDW,6069.8704
ZX,2009_6,SF,IDW,6142.4489
ZX,2009_7,SF,IDW,6173.7528
ZX,2009_8,SF,IDW,6208.2507
ZX,2009_9,SF,IDW,6071.1533
ZX,2010_5,SF,IDW,6077.5224
ZX,2010_6,SF,IDW,6105.2376
ZX,2010_7,SF,IDW,6194.2362
ZX,2010_8,SF,IDW,6103.4347
ZX,2010_9,SF,IDW,6117.2096
ZX,2011_5,SF,IDW,6074.888
ZX,2011_6,SF,IDW,6318.288
ZX,2011_7,SF,IDW,6123.521
ZX,2011_8,SF,IDW,6208.8785
ZX,2011_9,SF,IDW,6077.2855
ZX,2012_5,SF,IDW,6144.4214
ZX,2012_6,SF,IDW,6122.55
ZX,2012_7,SF,IDW,6110.9775
ZX,2012_8,SF,IDW,6269.7365
ZX,2012_9,SF,IDW,6103.6745
ZX,2013_5,SF,IDW,6099.2259
ZX,2013_6,SF,IDW,6177.9937
ZX,2013_7,SF,IDW,6075.8982
ZX,2013_8,SF,IDW,6109.026
ZX,2013_9,SF,IDW,6079.4066
ZX,2014_5,SF,IDW,6097.4973
ZX,2014_6,SF,IDW,6143.7291
ZX,2014_7,SF,IDW,6168.7289
ZX,2014_8,SF,IDW,6154.3653
ZX,2014_9,SF,IDW,6112.9378
ZX,2015_5,SF,IDW,6116.7626
ZX,2015_6,SF,IDW,6190.3001
ZX,2015_7,SF,IDW,6198.8091
ZX,2015_8,SF,IDW,6158.2424
ZX,2015_9,SF,IDW,6106.3515
ZX,2016_5,SF,IDW,6196.2833
ZX,2016_6,SF,IDW,6257.4577
ZX,2016_7,SF,IDW,6147.7725
ZX,2016_8,SF,IDW,6094.0833
ZX,2016_9,SF,IDW,6239.9002
